SNP,Chr,Pos,P.value,MAF,effect,nobs,H&B.P.Value,Phenotype_Variance_Explained(%)
S1_210194624,1,210194624,4.474811957306e-06,0.0524793388429752,-0.739096902262623,2420,0.000709085587080797,3.0229215057777
S2_212614021,2,212614021,2.33145718376044e-08,0.331818181818182,0.841088887271404,2420,1.15959028464941e-05,0.37085299629972
S3_137533609,3,137533609,6.22217975210292e-07,0.104752066115702,-0.443948138525519,2420,0.000116524457175746,3.91113937781761
S3_156270994,3,156270994,1.60869567456898e-09,0.315495867768595,-0.475702893070401,2420,3.3139130896121e-06,1.70885292612448
S4_175791704,4,175791704,9.715987381713e-07,0.420661157024793,-0.47542227816045,2420,0.000166791116719407,0.862147319903282
S5_11998173,5,11998173,2.9021111697085e-08,0.0107438016528926,-1.59300180327308,2420,1.15959028464941e-05,23.8406040719051
S5_147887551,5,147887551,6.64166858005026e-06,0.303512396694215,0.524471052656422,2420,0.000977274091064539,0.158567722405291
S5_196495308,5,196495308,3.69624616471984e-09,0.264256198347107,-0.553170629821999,2420,3.80713354966144e-06,0.416924784117334
S8_119990281,8,119990281,4.84282593679105e-07,0.259090909090909,-0.446991265403814,2420,0.00011084690477544,0.587444774967892
S8_129126249,8,129126249,3.11936293921879e-07,0.108057851239669,-0.47081618519866,2420,8.03235956848838e-05,1.25229046196749
S8_143840137,8,143840137,2.31920588357745e-05,0.19896694214876,-0.336550938399815,2420,0.0031850427467797,0.314191003752869
S9_30380175,9,30380175,3.37744743101771e-08,0.0902892561983471,-0.700881851412864,2420,1.15959028464941e-05,5.65280188088476
S9_34634719,9,34634719,3.32836840718138e-08,0.299586776859504,0.398785579903972,2420,1.15959028464941e-05,12.8336347835493
S9_45273886,9,45273886,5.51436513408979e-07,0.053099173553719,0.334747754200292,2420,0.00011359592176225,5.34475089877644
S9_101047446,9,101047446,7.91473126326773e-08,0.266528925619835,-1.0413911817725,2420,2.32919234319022e-05,9.15398116004609
