,SNP,Chr,Pos,P.value,MAF,traits
152,S1_210194624,1,210194624,4.474812e-06,0.05247934,FarmCPU.Flowering_BLUE(NYC)
533,S2_212614021,2,212614021,2.331457e-08,0.33181818,FarmCPU.Flowering_BLUE(NYC)
675,S3_137533609,3,137533609,6.222180e-07,0.10475207,FarmCPU.Flowering_BLUE(NYC)
689,S3_156226908,3,156226908,2.236438e-10,0.34070248,FarmCPU.Flowering_BLUE(NYC)
692,S3_156270994,3,156270994,1.608696e-09,0.31549587,FarmCPU.Flowering_BLUE(NYC)
693,S3_156277883,3,156277883,2.504925e-23,0.39276860,FarmCPU.Flowering_BLUE(NYC)
944,S4_175791704,4,175791704,9.715987e-07,0.42066116,FarmCPU.Flowering_BLUE(NYC)
1033,S5_11998173,5, 11998173,2.902111e-08,0.01074380,FarmCPU.Flowering_BLUE(NYC)
1117,S5_147887551,5,147887551,6.641669e-06,0.30351240,FarmCPU.Flowering_BLUE(NYC)
1173,S5_196495308,5,196495308,3.696246e-09,0.26425620,FarmCPU.Flowering_BLUE(NYC)
1682,S8_119990281,8,119990281,4.842826e-07,0.25909091,FarmCPU.Flowering_BLUE(NYC)
1690,S8_129126249,8,129126249,3.119363e-07,0.10805785,FarmCPU.Flowering_BLUE(NYC)
1711,S8_143840137,8,143840137,2.319206e-05,0.19896694,FarmCPU.Flowering_BLUE(NYC)
1836,S9_30380175,9, 30380175,3.377447e-08,0.09028926,FarmCPU.Flowering_BLUE(NYC)
1843,S9_34634719,9, 34634719,3.328368e-08,0.29958678,FarmCPU.Flowering_BLUE(NYC)
1848,S9_45273886,9, 45273886,5.514365e-07,0.05309917,FarmCPU.Flowering_BLUE(NYC)
1875,S9_101047446,9,101047446,7.914731e-08,0.26652893,FarmCPU.Flowering_BLUE(NYC)
