SNP,Chromosome,Position,P.value,MAF,nobs,effect,Phenotype_Variance_Explained(%)
S1_210194624,1,210194624,4.474811957306e-06,0.0524793388429752,2420,-0.739096902262623,1.59836324066703
S2_212614021,2,212614021,2.33145718376044e-08,0.331818181818182,2420,0.841088887271404,0
S3_137533609,3,137533609,6.22217975210292e-07,0.104752066115702,2420,-0.443948138525519,0.658433975081863
S3_156226908,3,156226908,2.23643846320359e-10,0.340702479338843,2420,0.4146703245097,0.656025421712411
S3_156270994,3,156270994,1.60869567456898e-09,0.315495867768595,2420,-0.475702893070401,1.88102341238668e-06
S3_156277883,3,156277883,2.50492527457549e-23,0.392768595041322,2420,0.153434771597858,0.274554528642282
S4_175791704,4,175791704,9.715987381713e-07,0.420661157024793,2420,-0.47542227816045,0.0470994992064096
S5_11998173,5,11998173,2.9021111697085e-08,0.0107438016528926,2420,-1.59300180327308,0.610095882496035
S5_147887551,5,147887551,6.64166858005026e-06,0.303512396694215,2420,0.524471052656422,0
S5_196495308,5,196495308,3.69624616471984e-09,0.264256198347107,2420,-0.553170629821999,0
S8_119990281,8,119990281,4.84282593679105e-07,0.259090909090909,2420,-0.446991265403814,0.805462924925173
S8_129126249,8,129126249,3.11936293921879e-07,0.108057851239669,2420,-0.47081618519866,1.31107448864285
S8_143840137,8,143840137,2.31920588357745e-05,0.19896694214876,2420,-0.336550938399815,0.850197327673087
S9_101047446,9,101047446,7.91473126326773e-08,0.266528925619835,2420,-1.0413911817725,2.03017483034471
S9_30380175,9,30380175,3.37744743101771e-08,0.0902892561983471,2420,-0.700881851412864,0.674306455857335
S9_34634719,9,34634719,3.32836840718138e-08,0.299586776859504,2420,0.398785579903972,0
S9_45273886,9,45273886,5.51436513408979e-07,0.053099173553719,2420,0.334747754200292,4.69292380135355
