Taxa,Flowering_BLUE
2369/LH123HT,67.57531161650107
B14A/H95,67.50720687731476
B14A/MO17,67.28988594349357
B14A/OH43,65.37345769663033
B37/H95,67.0322703714099
B37/MO17,66.6083615838275
B37/OH43,65.09827495752762
B73/MO17,67.2763103008514
B73/PHK76,63.81294096108446
B73/PHM49,67.22159276618544
B73/PHN82,66.63750609901692
B73/PHZ51,66.57344910101322
B73/TX779,70.44127783070046
CG108/CGR03,58.60289851848701
CG118/CGR01,55.54126877888142
CG119/CG108,58.59270130855688
CG120/CG123,57.54126877888142
CG120/DK3IIH6,57.54126877888142
CG120/LH162,53.541268778881424
CG120/LH185,57.5412687788814
CG120/LH82,57.54126877888143
CG120/PHK05,55.54126877888142
CG120/PHK56,57.54126877888142
CG120/PHR25,53.54126877888142
CG120/PHW03,57.54126877888141
CG120/PHZ51,57.5412687788814
CG123/LH145,57.54126877888141
CG123/PHB47,57.54126877888142
CG123/PHHV4,57.5412687788814
CG123/PHRE1,59.04126877888142
CG123/S8324,58.5412687788814
CG124/CG120,57.54126877888141
CG124/LH145,57.541268778881424
CG124/PHB47,57.54126877888141
CG124/PHHV4,57.54126877888141
CG124/PHRE1,59.041268778881424
CG124/S8324,57.54126877888142
CG44/CGR01,61.26022727371817
CG60/LH162,53.54126877888142
CG60/LH82,57.54126877888142
CGR01/LH82,57.54126877888142
DK3IIH6/PHRE1,57.54126877888142
DK3IIH6/S8324,57.54126877888142
F42/H95,66.29279259625426
F42/MO17,65.66710689317449
F42/OH43,64.74291688768454
LH132/TX779,68.57443087755958
LH145/DK3IIH6,57.5412687788814
LH145/LH162,55.54126877888141
LH145/LH185,59.54126877888142
LH145/LH82,61.14935735197429
LH145/PHK05,53.54126877888142
LH145/PHR25,69.54126877888142
LH145/PHZ51,66.54126877888142
LH162/PHB47,57.54126877888142
LH185/PHB47,58.54126877888142
LH185/PHRE1,57.54126877888142
LH185/S8324,57.54126877888142
LH195/MO17,70.14356726067042
LH195/PHK76,65.86557254003182
LH195/PHN11,66.4781803393684
LH195/PHN82,67.62873043476866
LH195/PHZ51,68.25088082009916
LH244/MO17,67.87954945325231
LH244/PHK76,63.951827479391596
LH244/PHN82,65.5497830663476
LH244/PHZ51,65.93437443418097
LH74/PHN82,64.55475255567902
LH82/PHB47,62.04126877888142
LH82/PHHV4,62.04126877888142
LH82/PHRE1,61.04126877888141
LH82/S8324,55.541268778881424
LH82/TX779,71.21404898553025
MO44/LH195,66.87634853832151
MO44/PHT69,64.68429406021546
MO44_PHW65_0001/LH195,66.90796868651566
MO44_PHW65_0001/PHT69,64.56477093017955
MO44_PHW65_0009/LH195,67.46760391079725
MO44_PHW65_0009/PHT69,64.37642233566888
MO44_PHW65_0010/PHT69,64.99162361138576
MO44_PHW65_0012/LH195,66.53002463437339
MO44_PHW65_0012/PHT69,64.35602011528769
MO44_PHW65_0015/LH195,67.8913010117418
MO44_PHW65_0015/PHT69,64.37694733895592
MO44_PHW65_0017/LH195,68.4709105980337
MO44_PHW65_0017/PHT69,64.4736073640919
MO44_PHW65_0020/LH195,67.03544865870838
MO44_PHW65_0020/PHT69,64.29452421551318
MO44_PHW65_0023/LH195,67.78462902990466
MO44_PHW65_0023/PHT69,65.84048490117293
MO44_PHW65_0024/LH195,66.77722429638207
MO44_PHW65_0024/PHT69,64.48249239950705
MO44_PHW65_0025/LH195,66.81904032105692
MO44_PHW65_0025/PHT69,63.73738471139818
MO44_PHW65_0027/LH195,67.99440213308645
MO44_PHW65_0027/PHT69,64.3371214968566
MO44_PHW65_0029/LH195,67.29610212547131
MO44_PHW65_0029/PHT69,64.18334492078634
MO44_PHW65_0031/LH195,67.21151679731273
MO44_PHW65_0031/PHT69,63.844601740812216
MO44_PHW65_0033/LH195,68.20191785750009
MO44_PHW65_0033/PHT69,65.0859283632659
MO44_PHW65_0034/LH195,68.4851894359408
MO44_PHW65_0034/PHT69,62.43717038279763
MO44_PHW65_0035/LH195,68.01994552206705
MO44_PHW65_0035/PHT69,65.48225277458519
MO44_PHW65_0036/LH195,69.13914737411349
MO44_PHW65_0036/PHT69,64.4149011990704
MO44_PHW65_0037/LH195,66.77400662180757
MO44_PHW65_0037/PHT69,64.17158647954774
MO44_PHW65_0042/LH195,66.22752262486105
MO44_PHW65_0042/PHT69,65.42828543573556
MO44_PHW65_0048/LH195,67.71314995568144
MO44_PHW65_0048/PHT69,63.632195327074896
MO44_PHW65_0050/LH195,66.65175444849231
MO44_PHW65_0050/PHT69,64.40903686883884
MO44_PHW65_0052/LH195,67.06248517618563
MO44_PHW65_0052/PHT69,64.23853117946035
MO44_PHW65_0056/LH195,65.62311109300029
MO44_PHW65_0056/PHT69,64.11457706084293
MO44_PHW65_0060/LH195,66.82251805813182
MO44_PHW65_0060/PHT69,64.86814088621135
MO44_PHW65_0063/LH195,65.87395614340956
MO44_PHW65_0063/PHT69,63.86010773362389
MO44_PHW65_0067/LH195,66.93558823086373
MO44_PHW65_0067/PHT69,64.6255004830749
MO44_PHW65_0068/LH195,67.22167144821448
MO44_PHW65_0068/PHT69,64.67381823450626
MO44_PHW65_0069/LH195,66.69964899182122
MO44_PHW65_0069/PHT69,63.33471220017911
MO44_PHW65_0073/LH195,66.26771433140584
MO44_PHW65_0073/PHT69,64.83313722528945
MO44_PHW65_0074/LH195,66.26820461334523
MO44_PHW65_0074/PHT69,63.799947104553496
MO44_PHW65_0080/LH195,68.42952829486838
MO44_PHW65_0080/PHT69,64.49725198187264
MO44_PHW65_0083/LH195,67.02453469475073
MO44_PHW65_0083/PHT69,64.51242209989837
MO44_PHW65_0084/LH195,67.57899254386538
MO44_PHW65_0084/PHT69,64.74288975929402
MO44_PHW65_0092/LH195,66.99890938165775
MO44_PHW65_0092/PHT69,64.66488281648486
MO44_PHW65_0093/LH195,66.81931288826729
MO44_PHW65_0093/PHT69,64.78516857881561
MO44_PHW65_0098/LH195,67.19700669631108
MO44_PHW65_0098/PHT69,65.76549511363672
MO44_PHW65_0099/LH195,66.18247577801823
MO44_PHW65_0099/PHT69,64.12050084238258
MO44_PHW65_0102/LH195,65.48384380960455
MO44_PHW65_0103/LH195,66.53355766497509
MO44_PHW65_0103/PHT69,64.66799923669586
MO44_PHW65_0104/LH195,66.79630999654478
MO44_PHW65_0104/PHT69,64.51613602480711
MO44_PHW65_0105/LH195,67.61629298090058
MO44_PHW65_0105/PHT69,64.79079914948522
MO44_PHW65_0111/LH195,67.93744822225906
MO44_PHW65_0111/PHT69,64.63803311743703
MO44_PHW65_0113/LH195,66.8928782654122
MO44_PHW65_0113/PHT69,65.30764237251768
MO44_PHW65_0115/LH195,67.41687720640404
MO44_PHW65_0115/PHT69,65.22874947219464
MO44_PHW65_0116/LH195,66.06229051049397
MO44_PHW65_0116/PHT69,63.47999663802496
MO44_PHW65_0118/LH195,67.04127864744721
MO44_PHW65_0118/PHT69,63.79106484717959
MO44_PHW65_0120/LH195,66.17485262272206
MO44_PHW65_0120/PHT69,64.51895344182192
MO44_PHW65_0121/LH195,67.28076765532504
MO44_PHW65_0121/PHT69,63.99162361138577
MO44_PHW65_0128/LH195,67.46339214409727
MO44_PHW65_0128/PHT69,64.54096414757964
MO44_PHW65_0134/LH195,66.16310332370968
MO44_PHW65_0134/PHT69,63.698754185923505
MO44_PHW65_0135/LH195,67.06249178044727
MO44_PHW65_0135/PHT69,63.18052841798988
MO44_PHW65_0136/LH195,67.46041943631883
MO44_PHW65_0136/PHT69,64.81282067350145
MO44_PHW65_0139/LH195,67.12508605417662
MO44_PHW65_0139/PHT69,64.25342585350734
MO44_PHW65_0140/LH195,68.02119340496917
MO44_PHW65_0140/PHT69,65.04821578292163
MO44_PHW65_0144/LH195,67.96834045813515
MO44_PHW65_0144/PHT69,64.40218390206762
MO44_PHW65_0145/LH195,66.50819487009711
MO44_PHW65_0145/PHT69,64.29499284777663
MO44_PHW65_0147/LH195,67.45239420279435
MO44_PHW65_0147/PHT69,64.17889413780313
MO44_PHW65_0150/LH195,67.18990806626822
MO44_PHW65_0150/PHT69,64.42274863277441
MO44_PHW65_0151/LH195,66.61666723748283
MO44_PHW65_0151/PHT69,63.39517194019442
MO44_PHW65_0154/LH195,67.35465339116436
MO44_PHW65_0154/PHT69,64.20730776484011
MO44_PHW65_0155/LH195,67.15171768039869
MO44_PHW65_0155/PHT69,63.97798214320998
MO44_PHW65_0157/LH195,66.43363326346534
MO44_PHW65_0157/PHT69,64.7209448953496
MO44_PHW65_0159/LH195,65.55845819758633
MO44_PHW65_0159/PHT69,63.00141145416894
MO44_PHW65_0160/LH195,66.2426953342528
MO44_PHW65_0160/PHT69,64.15439368911589
MO44_PHW65_0163/LH195,65.56327610434069
MO44_PHW65_0163/PHT69,64.26829794622668
MO44_PHW65_0164/LH195,66.80880733832629
MO44_PHW65_0164/PHT69,63.817112679468586
MO44_PHW65_0165/LH195,66.27846938928785
MO44_PHW65_0165/PHT69,64.82507934121284
MO44_PHW65_0166/LH195,67.26992215020768
MO44_PHW65_0166/PHT69,64.65394495149414
MO44_PHW65_0167/LH195,65.52981910522301
MO44_PHW65_0167/PHT69,64.33438793937239
MO44_PHW65_0168/LH195,67.20941973753656
MO44_PHW65_0168/PHT69,65.13482948492674
MO44_PHW65_0171/LH195,67.9716537417062
MO44_PHW65_0171/PHT69,65.04533891505493
MO44_PHW65_0174/LH195,66.84610342779233
MO44_PHW65_0174/PHT69,64.79277035744548
MO44_PHW65_0175/LH195,65.57701452677186
MO44_PHW65_0175/PHT69,62.40265614718086
MO44_PHW65_0176/LH195,69.19782840821219
MO44_PHW65_0176/PHT69,64.21208048521503
MO44_PHW65_0177/LH195,67.10922894506756
MO44_PHW65_0177/PHT69,64.4359199091478
MO44_PHW65_0178/LH195,66.9219244098005
MO44_PHW65_0178/PHT69,64.64302528373159
MO44_PHW65_0179/LH195,67.90243483424345
MO44_PHW65_0179/PHT69,64.93575240811552
MO44_PHW65_0180/LH195,66.84888375319848
MO44_PHW65_0180/PHT69,64.14072775619773
MO44_PHW65_0184/LH195,68.23484755768489
MO44_PHW65_0184/PHT69,64.42211747159
MO44_PHW65_0185/LH195,67.2461572510334
MO44_PHW65_0185/PHT69,64.29421237959686
MO44_PHW65_0187/LH195,66.88385550636083
MO44_PHW65_0187/PHT69,64.01732138684724
MO44_PHW65_0188/LH195,67.19916361540332
MO44_PHW65_0188/PHT69,64.10404018839856
MO44_PHW65_0189/LH195,65.95949693506073
MO44_PHW65_0189/PHT69,64.19488575422211
MO44_PHW65_0191/LH195,65.63957710607352
MO44_PHW65_0191/PHT69,63.200117765211466
MO44_PHW65_0193/LH195,65.6539025172447
MO44_PHW65_0193/PHT69,63.58082965686206
MO44_PHW65_0195/LH195,67.02318997655648
MO44_PHW65_0195/PHT69,63.53949377475057
MO44_PHW65_0200/LH195,66.90308443795392
MO44_PHW65_0200/PHT69,64.93086309911772
MO44_PHW65_0203/LH195,67.78113841546958
MO44_PHW65_0203/PHT69,64.77302893026676
MO44_PHW65_0207/LH195,67.35403855331215
MO44_PHW65_0207/PHT69,65.55982406499942
MO44_PHW65_0210/LH195,66.68890140873684
MO44_PHW65_0210/PHT69,65.54898341498397
MO44_PHW65_0214/LH195,66.42196152238147
MO44_PHW65_0214/PHT69,64.02011217921827
MO44_PHW65_0217/LH195,67.89210170180485
MO44_PHW65_0217/PHT69,64.09372061226354
MO44_PHW65_0218/LH195,66.44787363592624
MO44_PHW65_0218/PHT69,63.47500965514865
MO44_PHW65_0220/LH195,66.92799008426638
MO44_PHW65_0220/PHT69,64.41297090056682
MO44_PHW65_0223/LH195,67.42057356226832
MO44_PHW65_0223/PHT69,63.27733789710006
MO44_PHW65_0224/LH195,67.26132218336771
MO44_PHW65_0224/PHT69,63.83224212510503
MO44_PHW65_0225/LH195,67.56860332647757
MO44_PHW65_0225/PHT69,65.14001819424948
MO44_PHW65_0230/LH195,67.65579147488768
MO44_PHW65_0230/PHT69,63.88894097273437
MO44_PHW65_0236/LH195,67.28435349823236
MO44_PHW65_0236/PHT69,65.84958705971773
MO44_PHW65_0237/LH195,67.38598064155366
MO44_PHW65_0237/PHT69,63.61253519148435
MO44_PHW65_0242/LH195,66.26611110600555
MO44_PHW65_0242/PHT69,63.94494170747737
MO44_PHW65_0244/LH195,67.04047694275388
MO44_PHW65_0244/PHT69,64.15993367583258
MO44_PHW65_0247/LH195,66.90207928858611
MO44_PHW65_0247/PHT69,64.0488243513417
MO44_PHW65_0248/LH195,67.44928204283885
MO44_PHW65_0248/PHT69,64.6220159402117
MO44_PHW65_0250/LH195,66.88215813830078
MO44_PHW65_0250/PHT69,63.264010559490984
MO44_PHW65_0253/LH195,68.33576558389089
MO44_PHW65_0253/PHT69,67.7959333740371
MO44_PHW65_0254/LH195,67.14048168458153
MO44_PHW65_0254/PHT69,65.07549623798963
MO44_PHW65_0259/LH195,67.48988644136308
MO44_PHW65_0259/PHT69,64.96207045777942
MO44_PHW65_0260/LH195,66.91333721378139
MO44_PHW65_0260/PHT69,63.999970138206166
MO44_PHW65_0263/LH195,66.83658446688385
MO44_PHW65_0263/PHT69,64.61453240526706
MO44_PHW65_0268/LH195,65.93382149446289
MO44_PHW65_0268/PHT69,64.1085887819299
MO44_PHW65_0271/LH195,67.50446259101311
MO44_PHW65_0271/PHT69,64.37454058662279
MO44_PHW65_0274/LH195,68.11257719255302
MO44_PHW65_0274/PHT69,65.71344568075614
MO44_PHW65_0281/LH195,66.36513106642197
MO44_PHW65_0281/PHT69,64.14232138684724
MO44_PHW65_0288/LH195,67.257568320809
MO44_PHW65_0288/PHT69,63.05003597565899
MO44_PHW65_0296/LH195,67.32921107064524
MO44_PHW65_0296/PHT69,63.58715504676743
MO44_PHW65_0302/LH195,67.56766778487642
MO44_PHW65_0302/PHT69,65.16971700619378
MO44_PHW65_0307/LH195,65.9555857852773
MO44_PHW65_0307/PHT69,64.44176377492113
MO44_PHW65_0315/LH195,66.86036052096907
MO44_PHW65_0315/PHT69,64.89604955691216
MO44_PHW65_0316/LH195,67.03257393961437
MO44_PHW65_0316/PHT69,64.76732138684726
MO44_PHW65_0317/LH195,66.91730065348857
MO44_PHW65_0317/PHT69,64.15425062739165
MO44_PHW65_0319/LH195,66.38182611238753
MO44_PHW65_0319/PHT69,64.65826979247254
MO44_PHW65_0320/LH195,67.24622216608121
MO44_PHW65_0320/PHT69,64.76025591416094
MO44_PHW65_0321/LH195,67.45201053169663
MO44_PHW65_0321/PHT69,64.10186114141098
MO44_PHW65_0324/LH195,66.5531529784581
MO44_PHW65_0324/PHT69,64.19241916389498
MO44_PHW65_0328/LH195,66.37693372560716
MO44_PHW65_0328/PHT69,64.37904026545162
MO44_PHW65_0333/LH195,65.48383253131574
MO44_PHW65_0333/PHT69,63.477877840139236
MO44_PHW65_0336/LH195,67.66733209375587
MO44_PHW65_0336/PHT69,64.27211616315546
MO44_PHW65_0339/LH195,64.92879168278908
MO44_PHW65_0339/PHT69,63.71294400871648
MO44_PHW65_0343/LH195,66.50069758846305
MO44_PHW65_0343/PHT69,64.84773417735774
MO44_PHW65_0350/LH195,66.53798747199117
MO44_PHW65_0350/PHT69,63.50778482173904
MO44_PHW65_0358/LH195,66.85975101603337
MO44_PHW65_0363/LH195,66.29357762447086
MO44_PHW65_0363/PHT69,63.72176973969958
MO44_PHW65_0376/LH195,66.31759668211836
MO44_PHW65_0376/PHT69,63.6269627763907
MO44_PHW65_0390/LH195,67.05601423127709
MO44_PHW65_0390/PHT69,64.52237234302837
MO44_PHW65_0391/LH195,66.90365133850447
MO44_PHW65_0391/PHT69,63.524454613711164
MO44_PHW65_0392/LH195,68.87398234121359
MO44_PHW65_0392/PHT69,64.24499667075504
MO44_PHW65_0396/LH195,67.79378767949413
MO44_PHW65_0396/PHT69,63.520501982212856
MO44_PHW65_0397/LH195,65.97714784088114
MO44_PHW65_0397/PHT69,64.77872401764822
MO44_PHW65_0404/LH195,66.84738096020654
MO44_PHW65_0404/PHT69,63.25384601981628
MO44_PHW65_0416/LH195,66.94767082977594
MO44_PHW65_0416/PHT69,63.52917889475753
MO44_PHW65_0433/LH195,66.57659136434619
MO44_PHW65_0433/PHT69,64.18549677103131
MO44_PHW65_0435/LH195,65.25157190086541
MO44_PHW65_0435/PHT69,62.62142019437179
MO44_PHW65_0442/LH195,67.6865892987379
MO44_PHW65_0442/PHT69,63.38170511692771
MO44_PHW65_0446/LH195,66.90107453373138
MO44_PHW65_0446/PHT69,64.3285417548639
MO44_PHW65_0455/LH195,67.16928594414007
MO44_PHW65_0455/PHT69,64.78244695718715
MO44_PHW65_0464/LH195,67.94589434942839
MO44_PHW65_0464/PHT69,64.98541623788849
MO44_PHW65_0471/LH195,66.83739767076099
MO44_PHW65_0471/PHT69,64.33632774140959
MO44_PHW65_0475/LH195,64.61514895401612
MO44_PHW65_0475/PHT69,62.81808717032981
MOG/LH195,67.46962577893902
MOG/PHT69,64.68730662816209
PB80/TX779,71.77902385291274
PHB47/DK3IIH6,60.54126877888142
PHB47/MO17,65.27615180371592
PHB47/PHG29,57.54126877888142
PHB47/PHG47,57.54126877888141
PHB47/PHK05,57.54126877888141
PHB47/PHK56,61.04126877888141
PHB47/PHK76,63.44451990845286
PHB47/PHN82,64.71493244946173
PHB47/PHR25,57.54126877888142
PHB47/PHW03,57.54126877888142
PHB47/PHZ51,64.32435735197429
PHG29/CG120,57.54126877888142
PHG29/LH145,57.54126877888142
PHG29/PHG47,62.18136201371603
PHG29/PHHV4,59.04126877888142
PHG29/PHRE1,61.04126877888142
PHG29/S8324,57.54126877888142
PHG39/PHN82,66.61080422520651
PHG47/CG120,68.54126877888142
PHG47/LH145,57.54126877888142
PHG47/PHHV4,55.54126877888142
PHG47/PHRE1,57.54126877888142
PHG47/S8324,57.54126877888142
PHHV4/DK3IIH6,61.04126877888142
PHHV4/LH162,58.04126877888142
PHHV4/PHK05,53.54126877888142
PHHV4/PHK56,63.54126877888142
PHHV4/PHR25,57.54126877888142
PHHV4/PHW03,59.54126877888141
PHHV4/PHZ51,61.04126877888142
PHJ40/LH82,57.54126877888142
PHJ40/PHAJ0,58.3918883295055
PHJ89/CG120,57.54126877888141
PHJ89/LH145,57.54126877888141
PHJ89/PH207,61.83383202154891
PHJ89/PHB47,60.04126877888142
PHJ89/PHHV4,61.04126877888141
PHJ89/PHRE1,57.54126877888142
PHJ89/S8324,57.54126877888141
PHK05/PHRE1,53.54126877888141
PHK56/LH145,59.5412687788814
PHK56/PHRE1,59.04126877888142
PHM49/PHW65,71.33323963203573
PHN11/PHT69,61.371517154477885
PHN11_PHW65_0001/LH195,66.29552840110068
PHN11_PHW65_0001/PHT69,62.4821239376168
PHN11_PHW65_0003/LH195,64.93813917852431
PHN11_PHW65_0003/PHT69,62.95938929792893
PHN11_PHW65_0010/LH195,65.27722361334254
PHN11_PHW65_0010/PHT69,62.42655147530093
PHN11_PHW65_0011/LH195,66.87163876623235
PHN11_PHW65_0011/PHT69,63.1562924919293
PHN11_PHW65_0015/LH195,65.88217590908339
PHN11_PHW65_0015/PHT69,62.99367157232166
PHN11_PHW65_0016/LH195,66.68298250756044
PHN11_PHW65_0016/PHT69,63.70401698758823
PHN11_PHW65_0017/LH195,66.22163673531648
PHN11_PHW65_0017/PHT69,62.357374651209575
PHN11_PHW65_0021/LH195,65.29090414897522
PHN11_PHW65_0021/PHT69,62.57935501362971
PHN11_PHW65_0022/LH195,66.25915994367348
PHN11_PHW65_0022/PHT69,62.68240894677428
PHN11_PHW65_0023/LH195,65.95279051097356
PHN11_PHW65_0023/PHT69,63.35576164866402
PHN11_PHW65_0027/LH195,66.87916115262684
PHN11_PHW65_0027/PHT69,63.58535362123514
PHN11_PHW65_0028/LH195,66.0090163528125
PHN11_PHW65_0028/PHT69,63.02277896894104
PHN11_PHW65_0032/LH195,65.93547707053749
PHN11_PHW65_0035/LH195,66.16934375016172
PHN11_PHW65_0035/PHT69,64.2697557823468
PHN11_PHW65_0042/LH195,65.90263710589001
PHN11_PHW65_0042/PHT69,63.08251899745149
PHN11_PHW65_0048/LH195,66.22733443777805
PHN11_PHW65_0048/PHT69,62.996926838870834
PHN11_PHW65_0049/LH195,67.91442768653418
PHN11_PHW65_0049/PHT69,65.30612725708654
PHN11_PHW65_0050/LH195,66.19107592356833
PHN11_PHW65_0050/PHT69,62.937608441441505
PHN11_PHW65_0055/LH195,66.76301687797377
PHN11_PHW65_0055/PHT69,63.2134459746222
PHN11_PHW65_0056/LH195,66.10838173854414
PHN11_PHW65_0056/PHT69,63.1006698760009
PHN11_PHW65_0057/LH195,65.92809935490153
PHN11_PHW65_0057/PHT69,64.53788140153594
PHN11_PHW65_0058/LH195,66.23476066213522
PHN11_PHW65_0058/PHT69,63.03280488313875
PHN11_PHW65_0059/LH195,66.8385836887826
PHN11_PHW65_0059/PHT69,63.83342643974967
PHN11_PHW65_0061/LH195,66.82344190860798
PHN11_PHW65_0061/PHT69,63.441720521001166
PHN11_PHW65_0062/LH195,65.38680202263878
PHN11_PHW65_0062/PHT69,63.25716816702056
PHN11_PHW65_0063/LH195,66.61698083675353
PHN11_PHW65_0063/PHT69,62.12891632195453
PHN11_PHW65_0064/LH195,66.2123779133908
PHN11_PHW65_0064/PHT69,63.22530339675927
PHN11_PHW65_0065/LH195,66.25326552861387
PHN11_PHW65_0065/PHT69,63.3005101786182
PHN11_PHW65_0066/LH195,67.39867715048265
PHN11_PHW65_0066/PHT69,64.986831790363
PHN11_PHW65_0069/LH195,65.98162757362964
PHN11_PHW65_0069/PHT69,63.4242228162383
PHN11_PHW65_0070/LH195,66.03877449280917
PHN11_PHW65_0070/PHT69,63.3602167017244
PHN11_PHW65_0071/LH195,66.01116232712124
PHN11_PHW65_0071/PHT69,62.33629367255734
PHN11_PHW65_0072/LH195,66.17581576838916
PHN11_PHW65_0072/PHT69,63.313802216560106
PHN11_PHW65_0073/LH195,66.52643253699739
PHN11_PHW65_0073/PHT69,62.95545807576063
PHN11_PHW65_0074/LH195,66.72171220563136
PHN11_PHW65_0074/PHT69,64.07706080685682
PHN11_PHW65_0075/LH195,66.0101436346047
PHN11_PHW65_0075/PHT69,63.10814931752191
PHN11_PHW65_0076/LH195,67.98060555989763
PHN11_PHW65_0076/PHT69,62.78875015661717
PHN11_PHW65_0077/LH195,65.14113030185362
PHN11_PHW65_0077/PHT69,63.50505278287809
PHN11_PHW65_0079/LH195,66.356827426066
PHN11_PHW65_0079/PHT69,62.9351488010793
PHN11_PHW65_0080/LH195,65.72199196739842
PHN11_PHW65_0080/PHT69,62.582818455002695
PHN11_PHW65_0081/LH195,66.65187562262233
PHN11_PHW65_0081/PHT69,63.859342114036885
PHN11_PHW65_0084/LH195,67.27795546601521
PHN11_PHW65_0084/PHT69,63.327370489149516
PHN11_PHW65_0086/LH195,66.78933150117098
PHN11_PHW65_0086/PHT69,63.482045090187086
PHN11_PHW65_0087/LH195,67.11133752578448
PHN11_PHW65_0087/PHT69,64.15082042458629
PHN11_PHW65_0088/LH195,65.36545329434247
PHN11_PHW65_0088/PHT69,62.87813266470176
PHN11_PHW65_0089/LH195,67.65207220890906
PHN11_PHW65_0089/PHT69,63.42850960845771
PHN11_PHW65_0092/LH195,66.2881992447786
PHN11_PHW65_0092/PHT69,63.55164521690852
PHN11_PHW65_0094/LH195,66.34351922377996
PHN11_PHW65_0096/LH195,65.54092919680693
PHN11_PHW65_0096/PHT69,62.990203388320616
PHN11_PHW65_0100/LH195,65.30580329454654
PHN11_PHW65_0100/PHT69,63.23661810671891
PHN11_PHW65_0101/LH195,65.69534121610289
PHN11_PHW65_0101/PHT69,63.52628038232382
PHN11_PHW65_0103/LH195,66.47663906635627
PHN11_PHW65_0103/PHT69,63.28025531628986
PHN11_PHW65_0105/LH195,65.79211926591194
PHN11_PHW65_0105/PHT69,63.36739871536936
PHN11_PHW65_0106/LH195,66.96701325636788
PHN11_PHW65_0106/PHT69,63.96798189436417
PHN11_PHW65_0107/LH195,65.5413583103499
PHN11_PHW65_0107/PHT69,62.55479530427169
PHN11_PHW65_0110/LH195,66.24153698827226
PHN11_PHW65_0110/PHT69,63.91518446172551
PHN11_PHW65_0113/LH195,67.00090256773933
PHN11_PHW65_0113/PHT69,64.08183252005338
PHN11_PHW65_0114/LH195,66.12108679087888
PHN11_PHW65_0114/PHT69,63.53214733968483
PHN11_PHW65_0117/LH195,65.61362783548613
PHN11_PHW65_0117/PHT69,63.23577198292965
PHN11_PHW65_0118/LH195,66.5236690103475
PHN11_PHW65_0118/PHT69,63.338826546752635
PHN11_PHW65_0119/LH195,66.07191878952531
PHN11_PHW65_0119/PHT69,63.60010318195699
PHN11_PHW65_0125/LH195,66.75825198993695
PHN11_PHW65_0125/PHT69,64.0156469045863
PHN11_PHW65_0129/LH195,65.86798450553718
PHN11_PHW65_0129/PHT69,62.69468166249228
PHN11_PHW65_0132/LH195,65.4000363230693
PHN11_PHW65_0132/PHT69,62.53038392915959
PHN11_PHW65_0133/LH195,66.21589053128652
PHN11_PHW65_0133/PHT69,63.38159219106878
PHN11_PHW65_0136/LH195,66.98565798988426
PHN11_PHW65_0136/PHT69,62.98973321023968
PHN11_PHW65_0137/LH195,67.4317118239525
PHN11_PHW65_0137/PHT69,64.53435904654391
PHN11_PHW65_0138/LH195,65.24703181284994
PHN11_PHW65_0138/PHT69,61.77598963430875
PHN11_PHW65_0139/LH195,65.80348419299247
PHN11_PHW65_0139/PHT69,62.45979063760016
PHN11_PHW65_0140/LH195,67.02703415074701
PHN11_PHW65_0140/PHT69,64.26213309535068
PHN11_PHW65_0141/LH195,66.4056484613173
PHN11_PHW65_0141/PHT69,62.53389397830502
PHN11_PHW65_0143/LH195,65.61026659511751
PHN11_PHW65_0143/PHT69,63.46087409758638
PHN11_PHW65_0144/LH195,65.11268170897763
PHN11_PHW65_0144/PHT69,62.62321018474274
PHN11_PHW65_0146/LH195,65.86352342803251
PHN11_PHW65_0146/PHT69,62.50916657255187
PHN11_PHW65_0147/LH195,65.0391936527063
PHN11_PHW65_0147/PHT69,61.54325320287632
PHN11_PHW65_0149/LH195,68.03250069575572
PHN11_PHW65_0149/PHT69,63.7982739757332
PHN11_PHW65_0154/LH195,65.91951577579476
PHN11_PHW65_0154/PHT69,63.761577009856765
PHN11_PHW65_0155/LH195,65.85261163621632
PHN11_PHW65_0155/PHT69,63.84224278124537
PHN11_PHW65_0158/LH195,66.53077192547073
PHN11_PHW65_0158/PHT69,62.84125089501633
PHN11_PHW65_0167/LH195,66.29176919114452
PHN11_PHW65_0167/PHT69,61.7327231908545
PHN11_PHW65_0168/LH195,65.59954413750695
PHN11_PHW65_0168/PHT69,64.47389603818307
PHN11_PHW65_0172/LH195,66.28383394394307
PHN11_PHW65_0172/PHT69,63.11392527771271
PHN11_PHW65_0176/LH195,65.69522694634296
PHN11_PHW65_0176/PHT69,63.68671659634664
PHN11_PHW65_0178/LH195,66.132760980306
PHN11_PHW65_0178/PHT69,63.253673912683254
PHN11_PHW65_0179/LH195,66.86079496578455
PHN11_PHW65_0179/PHT69,63.73621203831833
PHN11_PHW65_0180/LH195,65.77294798834791
PHN11_PHW65_0180/PHT69,63.35481626691905
PHN11_PHW65_0184/LH195,65.91176471739854
PHN11_PHW65_0184/PHT69,64.13833051407302
PHN11_PHW65_0189/LH195,65.8387754773865
PHN11_PHW65_0189/PHT69,62.95891295072021
PHN11_PHW65_0190/LH195,66.28738801617573
PHN11_PHW65_0190/PHT69,64.19753186424914
PHN11_PHW65_0194/LH195,66.56233817526187
PHN11_PHW65_0194/PHT69,62.59967092870582
PHN11_PHW65_0205/LH195,66.88044645900857
PHN11_PHW65_0205/PHT69,63.35635440884966
PHN11_PHW65_0206/LH195,66.00236447151062
PHN11_PHW65_0206/PHT69,63.94683669477862
PHN11_PHW65_0209/LH195,66.73592821079332
PHN11_PHW65_0209/PHT69,63.63021291218847
PHN11_PHW65_0211/LH195,64.18827471062515
PHN11_PHW65_0211/PHT69,61.18752799563513
PHN11_PHW65_0212/LH195,66.00986095095142
PHN11_PHW65_0212/PHT69,63.446422301858334
PHN11_PHW65_0216/LH195,66.26532084939957
PHN11_PHW65_0216/PHT69,63.769106942587264
PHN11_PHW65_0217/LH195,66.31349898434382
PHN11_PHW65_0217/PHT69,62.975711354152956
PHN11_PHW65_0221/LH195,67.40964778117417
PHN11_PHW65_0221/PHT69,63.99261556298693
PHN11_PHW65_0223/LH195,66.87168806105281
PHN11_PHW65_0223/PHT69,63.52943926353248
PHN11_PHW65_0224/LH195,65.76121831638511
PHN11_PHW65_0224/PHT69,62.82049321634676
PHN11_PHW65_0225/LH195,67.12466907534939
PHN11_PHW65_0225/PHT69,63.73680660061801
PHN11_PHW65_0227/LH195,66.0409768881502
PHN11_PHW65_0227/PHT69,62.14067890957658
PHN11_PHW65_0237/LH195,68.1844156839069
PHN11_PHW65_0237/PHT69,63.7830352840486
PHN11_PHW65_0241/LH195,67.41882719039997
PHN11_PHW65_0241/PHT69,64.5841355347878
PHN11_PHW65_0242/LH195,66.45936795531942
PHN11_PHW65_0242/PHT69,63.92077781383566
PHN11_PHW65_0245/LH195,67.2331330578286
PHN11_PHW65_0245/PHT69,63.195751410160604
PHN11_PHW65_0248/LH195,66.1032692661553
PHN11_PHW65_0248/PHT69,63.05840149505008
PHN11_PHW65_0250/LH195,65.65211927339313
PHN11_PHW65_0250/PHT69,63.23493938221573
PHN11_PHW65_0251/LH195,65.90170106092607
PHN11_PHW65_0251/PHT69,63.18897632483546
PHN11_PHW65_0256/LH195,66.41967490733865
PHN11_PHW65_0256/PHT69,63.57439035882564
PHN11_PHW65_0257/LH195,65.71997162365574
PHN11_PHW65_0257/PHT69,63.63896655003378
PHN11_PHW65_0258/LH195,65.68744002752894
PHN11_PHW65_0258/PHT69,61.899593791346476
PHN11_PHW65_0260/LH195,68.28109223786475
PHN11_PHW65_0260/PHT69,63.378857972930255
PHN11_PHW65_0261/LH195,66.28928197567727
PHN11_PHW65_0261/PHT69,62.608720674387115
PHN11_PHW65_0266/LH195,66.23349704711038
PHN11_PHW65_0266/PHT69,62.83821140597773
PHN11_PHW65_0267/LH195,66.80476663093559
PHN11_PHW65_0267/PHT69,62.42739320268143
PHN11_PHW65_0274/LH195,65.98368038160307
PHN11_PHW65_0274/PHT69,63.016528382256055
PHN11_PHW65_0275/LH195,67.31282020243178
PHN11_PHW65_0275/PHT69,63.167442347846546
PHN11_PHW65_0276/LH195,66.34279812210777
PHN11_PHW65_0276/PHT69,63.408628877573264
PHN11_PHW65_0277/LH195,65.75533638360666
PHN11_PHW65_0277/PHT69,62.53874044229159
PHN11_PHW65_0278/LH195,66.55176613553493
PHN11_PHW65_0278/PHT69,63.57930817672366
PHN11_PHW65_0279/LH195,66.29975076832349
PHN11_PHW65_0279/PHT69,64.19996397188673
PHN11_PHW65_0282/LH195,66.96751327237413
PHN11_PHW65_0282/PHT69,63.87803181447875
PHN11_PHW65_0284/LH195,65.68920361218359
PHN11_PHW65_0284/PHT69,61.94206940327771
PHN11_PHW65_0285/LH195,66.14001904814752
PHN11_PHW65_0285/PHT69,63.196278380208476
PHN11_PHW65_0286/LH195,66.5682456242064
PHN11_PHW65_0286/PHT69,63.17162962532687
PHN11_PHW65_0288/LH195,67.05392768432866
PHN11_PHW65_0288/PHT69,64.27469492024767
PHN11_PHW65_0291/LH195,66.49488113629381
PHN11_PHW65_0291/PHT69,62.326222705306876
PHN11_PHW65_0294/LH195,65.54186497371303
PHN11_PHW65_0294/PHT69,63.71380276200506
PHN11_PHW65_0300/LH195,67.40865016117601
PHN11_PHW65_0300/PHT69,64.01782413502409
PHN11_PHW65_0301/LH195,66.678383950297
PHN11_PHW65_0301/PHT69,63.257406836522904
PHN11_PHW65_0302/LH195,66.24514571038056
PHN11_PHW65_0302/PHT69,64.23255772305404
PHN11_PHW65_0303/LH195,66.18169147222197
PHN11_PHW65_0303/PHT69,62.69790344070579
PHN11_PHW65_0305/LH195,65.42780809344269
PHN11_PHW65_0305/PHT69,61.377842360954816
PHN11_PHW65_0307/LH195,66.65250733878477
PHN11_PHW65_0307/PHT69,63.29356340522024
PHN11_PHW65_0310/LH195,66.21955161949327
PHN11_PHW65_0310/PHT69,63.041869876692395
PHN11_PHW65_0312/LH195,66.24621902177458
PHN11_PHW65_0312/PHT69,63.30595209191006
PHN11_PHW65_0315/LH195,67.52635641314441
PHN11_PHW65_0315/PHT69,64.46073238452406
PHN11_PHW65_0316/LH195,65.46929226549838
PHN11_PHW65_0316/PHT69,62.62845828130735
PHN11_PHW65_0319/LH195,65.93418667532339
PHN11_PHW65_0319/PHT69,63.16929449072542
PHN11_PHW65_0320/LH195,65.84036284290231
PHN11_PHW65_0320/PHT69,62.082563294390894
PHN11_PHW65_0322/LH195,66.37747975593857
PHN11_PHW65_0322/PHT69,63.25631229477517
PHN11_PHW65_0323/LH195,67.62157737937584
PHN11_PHW65_0323/PHT69,63.82526074209799
PHN11_PHW65_0328/LH195,67.68664687465804
PHN11_PHW65_0328/PHT69,64.01321759775902
PHN11_PHW65_0329/LH195,65.19808622735371
PHN11_PHW65_0329/PHT69,62.19752477282056
PHN11_PHW65_0333/LH195,66.18740637013724
PHN11_PHW65_0333/PHT69,63.624465644395194
PHN11_PHW65_0336/LH195,66.5148833571427
PHN11_PHW65_0336/PHT69,63.68645646213063
PHN11_PHW65_0341/LH195,66.1154509262987
PHN11_PHW65_0341/PHT69,63.56346348338933
PHN11_PHW65_0343/LH195,65.01626589188305
PHN11_PHW65_0343/PHT69,60.88181144960108
PHN11_PHW65_0344/LH195,66.92338217803038
PHN11_PHW65_0344/PHT69,63.47353741052625
PHN11_PHW65_0345/LH195,65.67862390061195
PHN11_PHW65_0345/PHT69,62.11314952045127
PHN11_PHW65_0346/LH195,66.42442110849443
PHN11_PHW65_0346/PHT69,64.02592599670312
PHN11_PHW65_0347/LH195,67.24840179749643
PHN11_PHW65_0347/PHT69,63.38000730220715
PHN11_PHW65_0352/LH195,66.90813534406277
PHN11_PHW65_0352/PHT69,64.06579765764808
PHN11_PHW65_0353/LH195,66.424960580182
PHN11_PHW65_0353/PHT69,62.753092645129385
PHN11_PHW65_0354/LH195,66.77820989015879
PHN11_PHW65_0354/PHT69,63.52687296902933
PHN11_PHW65_0355/LH195,66.10439214891981
PHN11_PHW65_0355/PHT69,62.64634985095938
PHN11_PHW65_0358/LH195,65.68454727376685
PHN11_PHW65_0358/PHT69,63.33900902957972
PHN11_PHW65_0359/LH195,67.0593866726651
PHN11_PHW65_0359/PHT69,63.83936417100287
PHN11_PHW65_0360/LH195,66.52581892257979
PHN11_PHW65_0360/PHT69,63.24655454943516
PHN11_PHW65_0365/LH195,65.77771867236241
PHN11_PHW65_0365/PHT69,63.440022795778795
PHN11_PHW65_0369/LH195,65.927072998569
PHN11_PHW65_0369/PHT69,63.901420707034646
PHN11_PHW65_0372/LH195,65.2131989351014
PHN11_PHW65_0372/PHT69,62.90667956706922
PHN11_PHW65_0374/LH195,66.9399905080618
PHN11_PHW65_0374/PHT69,64.26743974843443
PHN11_PHW65_0378/LH195,65.80522205356712
PHN11_PHW65_0378/PHT69,63.65649801848771
PHN11_PHW65_0382/LH195,66.71465562822527
PHN11_PHW65_0382/PHT69,62.7821005434582
PHN11_PHW65_0385/LH195,66.20677231485232
PHN11_PHW65_0385/PHT69,63.46490005246966
PHN11_PHW65_0386/LH195,65.7978166979912
PHN11_PHW65_0386/PHT69,63.17423971895781
PHN11_PHW65_0387/LH195,65.4785037974503
PHN11_PHW65_0387/PHT69,62.65870478460065
PHN11_PHW65_0390/LH195,66.9530042746895
PHN11_PHW65_0390/PHT69,64.70516796652228
PHN11_PHW65_0393/LH195,67.51517082394648
PHN11_PHW65_0393/PHT69,63.879502581147655
PHN11_PHW65_0395/LH195,66.71304453504739
PHN11_PHW65_0395/PHT69,63.61160726256898
PHN11_PHW65_0398/LH195,66.01554932612699
PHN11_PHW65_0398/PHT69,63.44168115124059
PHN11_PHW65_0402/LH195,64.84497173595992
PHN11_PHW65_0402/PHT69,62.51932226824246
PHN11_PHW65_0408/LH195,66.8772675218413
PHN11_PHW65_0408/PHT69,63.834809533780955
PHN11_PHW65_0410/LH195,66.2781828696645
PHN11_PHW65_0410/PHT69,62.867620567025014
PHN11_PHW65_0418/LH195,66.17997911006562
PHN11_PHW65_0418/PHT69,61.93589401529937
PHN11_PHW65_0421/LH195,66.38500328753425
PHN11_PHW65_0421/PHT69,63.3444399596301
PHN11_PHW65_0422/LH195,65.52025132419904
PHN11_PHW65_0422/PHT69,62.35042738199169
PHN11_PHW65_0423/LH195,68.0430503861361
PHN11_PHW65_0423/PHT69,64.24858013260351
PHN11_PHW65_0424/LH195,66.61677974108213
PHN11_PHW65_0424/PHT69,63.217849543699984
PHN11_PHW65_0427/LH195,65.37473648090032
PHN11_PHW65_0427/PHT69,62.05902284746581
PHN11_PHW65_0431/LH195,66.99012688742287
PHN11_PHW65_0431/PHT69,63.59567065884023
PHN11_PHW65_0432/LH195,65.8419346244659
PHN11_PHW65_0432/PHT69,64.77650631803645
PHN11_PHW65_0443/LH195,66.04054509739171
PHN11_PHW65_0443/PHT69,63.081613496804565
PHN11_PHW65_0448/LH195,66.6698825426282
PHN11_PHW65_0448/PHT69,64.26680957098142
PHN11_PHW65_0451/LH195,65.99942102359198
PHN11_PHW65_0451/PHT69,63.04929088018411
PHN11_PHW65_0453/LH195,66.62236822178276
PHN11_PHW65_0453/PHT69,64.79623587397292
PHN11_PHW65_0455/LH195,67.68465403868142
PHN11_PHW65_0455/PHT69,65.08520107814817
PHN11_PHW65_0464/LH195,65.18477952870404
PHN11_PHW65_0464/PHT69,62.03754523915655
PHN11_PHW65_0470/LH195,65.35006001708373
PHN11_PHW65_0470/PHT69,62.50894692356894
PHN11_PHW65_0478/LH195,66.5747282937147
PHN11_PHW65_0478/PHT69,64.31427060951137
PHN11_PHW65_0481/LH195,64.66289331523393
PHN11_PHW65_0481/PHT69,62.81950229822885
PHN11_PHW65_0486/LH195,66.45293702106419
PHN11_PHW65_0486/PHT69,64.04462417073763
PHN11_PHW65_0491/LH195,67.07313925460033
PHN11_PHW65_0491/PHT69,64.31491570149254
PHN11_PHW65_0494/LH195,66.32672289717561
PHN11_PHW65_0494/PHT69,63.53424750635166
PHN11_PHW65_0496/LH195,66.70712457187697
PHN11_PHW65_0496/PHT69,62.50656966854674
PHN11_PHW65_0499/LH195,66.3922942162398
PHN11_PHW65_0499/PHT69,63.40466961615292
PHN11_PHW65_0512/LH195,66.91608684098973
PHN11_PHW65_0512/PHT69,63.534435206752676
PHN11_PHW65_0514/LH195,65.62650448317011
PHN11_PHW65_0514/PHT69,63.27275739319222
PHN11_PHW65_0541/LH195,65.2245458953851
PHN11_PHW65_0541/PHT69,63.75296431828131
PHN11_PHW65_0548/LH195,66.42108151669267
PHN11_PHW65_0548/PHT69,63.446481956262076
PHN11_PHW65_0552/LH195,67.09655291329109
PHN11_PHW65_0552/PHT69,62.962093444452904
PHN11_PHW65_0577/LH195,66.99848918822184
PHN11_PHW65_0577/PHT69,63.728015298936256
PHN11_PHW65_0591/LH195,65.43527337932368
PHN11_PHW65_0591/PHT69,62.33121321479225
PHN11_PHW65_0604/LH195,65.90494540321355
PHN11_PHW65_0604/PHT69,63.63303360209697
PHN11_PHW65_0612/LH195,66.28093804993682
PHN11_PHW65_0612/PHT69,62.44877999052373
PHN11_PHW65_0614/LH195,65.89565225139563
PHN11_PHW65_0614/PHT69,64.1046860296737
PHN11_PHW65_0626/LH195,66.44349229476275
PHN11_PHW65_0626/PHT69,64.12564720920999
PHN11_PHW65_0637/LH195,66.69510911499441
PHN11_PHW65_0637/PHT69,63.57320290543282
PHN11_PHW65_0639/LH195,65.56218977781589
PHN11_PHW65_0639/PHT69,63.77012487481905
PHN11_PHW65_0663/LH195,65.64777541244096
PHN11_PHW65_0663/PHT69,63.00522669659119
PHN82/LH145,59.54126877888142
PHN82/PHHV4,63.54126877888141
PHN82/PHRE1,57.54126877888141
PHN82/S8324,57.54126877888142
PHRE1/LH162,55.54126877888142
PHRE1/PHR25,53.5412687788814
PHRE1/PHTD5,59.08696261452673
PHW03/LH145,57.54126877888142
PHW03/S8324,57.54126877888141
PHW52/PHM49,67.50792278120977
PHW52/PHN82,66.2807834033306
PHW65/LH195,67.11423863476413
PHW65/PHT69,64.60420352877237
PHW65_MOG_0001/LH195,67.7097314013476
PHW65_MOG_0001/PHT69,63.70061548478469
PHW65_MOG_0003/LH195,67.10895648597862
PHW65_MOG_0003/PHT69,64.22573223267595
PHW65_MOG_0006/LH195,66.74163905827848
PHW65_MOG_0006/PHT69,64.81754168411241
PHW65_MOG_0009/LH195,68.33380105911445
PHW65_MOG_0009/PHT69,65.01672017144374
PHW65_MOG_0012/LH195,67.3113667489833
PHW65_MOG_0012/PHT69,63.346890228030794
PHW65_MOG_0014/LH195,67.57999730995517
PHW65_MOG_0014/PHT69,65.24487048170415
PHW65_MOG_0015/LH195,68.05045148180967
PHW65_MOG_0015/PHT69,64.04244749001006
PHW65_MOG_0016/LH195,67.01191863650757
PHW65_MOG_0016/PHT69,65.0975218306483
PHW65_MOG_0017/LH195,67.01007383135016
PHW65_MOG_0017/PHT69,65.75360082804328
PHW65_MOG_0018/LH195,65.85247880521204
PHW65_MOG_0018/PHT69,63.52545779463505
PHW65_MOG_0021/LH195,66.89523625614684
PHW65_MOG_0021/PHT69,64.15760553402419
PHW65_MOG_0022/LH195,68.80788125285504
PHW65_MOG_0022/PHT69,64.21003165622248
PHW65_MOG_0024/LH195,67.00592770233271
PHW65_MOG_0024/PHT69,64.0358024876318
PHW65_MOG_0025/LH195,66.98690920110977
PHW65_MOG_0025/PHT69,65.19077511334746
PHW65_MOG_0029/LH195,67.74190332550616
PHW65_MOG_0029/PHT69,64.07512944116114
PHW65_MOG_0032/LH195,67.56698364044175
PHW65_MOG_0032/PHT69,65.07082516438682
PHW65_MOG_0034/LH195,68.06675474708398
PHW65_MOG_0034/PHT69,64.3464699111897
PHW65_MOG_0036/LH195,66.96312854010776
PHW65_MOG_0036/PHT69,64.85244201779224
PHW65_MOG_0037/LH195,66.87858970498093
PHW65_MOG_0037/PHT69,65.37434450900021
PHW65_MOG_0038/LH195,66.98193712653286
PHW65_MOG_0038/PHT69,63.88996312848465
PHW65_MOG_0040/LH195,66.87249550882402
PHW65_MOG_0040/PHT69,64.63928704090242
PHW65_MOG_0041/LH195,67.19201453984871
PHW65_MOG_0041/PHT69,64.97919830375605
PHW65_MOG_0048/LH195,67.49269797976476
PHW65_MOG_0048/PHT69,64.29494986972955
PHW65_MOG_0050/LH195,67.35354064635109
PHW65_MOG_0050/PHT69,64.1877738219806
PHW65_MOG_0051/LH195,67.60138030276241
PHW65_MOG_0051/PHT69,64.9533772938629
PHW65_MOG_0052/LH195,66.63625311662011
PHW65_MOG_0052/PHT69,64.46808851571475
PHW65_MOG_0054/LH195,67.13833975379946
PHW65_MOG_0054/PHT69,65.32922437618103
PHW65_MOG_0055/LH195,68.92025197593077
PHW65_MOG_0055/PHT69,66.15638198477508
PHW65_MOG_0056/LH195,67.49579691438548
PHW65_MOG_0056/PHT69,64.39451895426689
PHW65_MOG_0057/LH195,67.17759732956995
PHW65_MOG_0057/PHT69,64.19504892291707
PHW65_MOG_0059/LH195,68.42066956205905
PHW65_MOG_0059/PHT69,64.41404679413927
PHW65_MOG_0060/PHT69,64.79017510741775
PHW65_MOG_0061/LH195,68.34610413976723
PHW65_MOG_0061/PHT69,65.08820391096943
PHW65_MOG_0062/LH195,66.8523553900086
PHW65_MOG_0062/PHT69,65.15273460483319
PHW65_MOG_0063/LH195,67.28952132490392
PHW65_MOG_0063/PHT69,63.59648658314502
PHW65_MOG_0064/LH195,67.65708013637334
PHW65_MOG_0064/PHT69,65.39750536125494
PHW65_MOG_0069/LH195,67.5393518072443
PHW65_MOG_0069/PHT69,63.84048490117292
PHW65_MOG_0071/LH195,65.57067989973005
PHW65_MOG_0071/PHT69,63.71046265978404
PHW65_MOG_0072/LH195,67.26466132957631
PHW65_MOG_0072/PHT69,64.44385229534419
PHW65_MOG_0075/LH195,68.44413590121728
PHW65_MOG_0079/LH195,66.39150692960119
PHW65_MOG_0079/PHT69,63.96155355136495
PHW65_MOG_0082/LH195,68.31594695900915
PHW65_MOG_0082/PHT69,64.92429971882729
PHW65_MOG_0085/LH195,68.49459784924717
PHW65_MOG_0085/PHT69,64.86432646083536
PHW65_MOG_0086/LH195,67.99999546448369
PHW65_MOG_0086/PHT69,65.0102931285974
PHW65_MOG_0087/LH195,65.97497319539112
PHW65_MOG_0087/PHT69,65.296733896636
PHW65_MOG_0089/LH195,66.69209705101714
PHW65_MOG_0089/PHT69,64.38074009857897
PHW65_MOG_0096/LH195,67.55732306477407
PHW65_MOG_0096/PHT69,66.17161221114112
PHW65_MOG_0098/LH195,67.74403988408807
PHW65_MOG_0098/PHT69,65.22192628324787
PHW65_MOG_0106/LH195,67.52660371622777
PHW65_MOG_0106/PHT69,65.00963715413158
PHW65_MOG_0108/LH195,68.05942624882277
PHW65_MOG_0108/PHT69,64.31539520931145
PHW65_MOG_0109/LH195,67.71898641243979
PHW65_MOG_0109/PHT69,64.74116438541229
PHW65_MOG_0111/LH195,67.68184047376954
PHW65_MOG_0111/PHT69,63.50715156783958
PHW65_MOG_0115/LH195,66.88619243259417
PHW65_MOG_0116/LH195,66.43791282136294
PHW65_MOG_0116/PHT69,64.49801967476364
PHW65_MOG_0117/LH195,66.25618473133501
PHW65_MOG_0117/PHT69,65.1031254154117
PHW65_MOG_0118/LH195,67.63976944974652
PHW65_MOG_0118/PHT69,64.48240904618372
PHW65_MOG_0121/LH195,66.79838668900518
PHW65_MOG_0121/PHT69,65.27076962007501
PHW65_MOG_0122/LH195,68.7375790722428
PHW65_MOG_0122/PHT69,65.47813239183651
PHW65_MOG_0125/LH195,66.49706705162853
PHW65_MOG_0125/PHT69,64.97313773549791
PHW65_MOG_0126/LH195,67.77814399135114
PHW65_MOG_0126/PHT69,64.49992887038644
PHW65_MOG_0127/LH195,66.38461068408094
PHW65_MOG_0127/PHT69,64.28117541077964
PHW65_MOG_0128/LH195,67.76981310394022
PHW65_MOG_0128/PHT69,63.85198637785446
PHW65_MOG_0129/PHT69,65.84048490117291
PHW65_MOG_0130/LH195,66.26225920902955
PHW65_MOG_0130/PHT69,65.00517485585621
PHW65_MOG_0132/LH195,68.69528245269807
PHW65_MOG_0132/PHT69,65.46401129637182
PHW65_MOG_0133/LH195,66.80309780107167
PHW65_MOG_0133/PHT69,64.66114877457713
PHW65_MOG_0137/LH195,67.63899792427749
PHW65_MOG_0137/PHT69,64.78691331055884
PHW65_MOG_0138/LH195,67.22616487481324
PHW65_MOG_0138/PHT69,64.32502354623271
PHW65_MOG_0139/LH195,67.10478830311742
PHW65_MOG_0139/PHT69,65.53509058374375
PHW65_MOG_0142/LH195,66.99074057765152
PHW65_MOG_0142/PHT69,63.849497316866035
PHW65_MOG_0143/LH195,66.2507572985722
PHW65_MOG_0143/PHT69,64.71369699280487
PHW65_MOG_0145/LH195,66.60344759097092
PHW65_MOG_0145/PHT69,64.8781351347459
PHW65_MOG_0146/LH195,67.71006493835517
PHW65_MOG_0146/PHT69,65.27444570212484
PHW65_MOG_0148/LH195,68.13149435810537
PHW65_MOG_0148/PHT69,65.85952477111132
PHW65_MOG_0150/LH195,67.34657654790257
PHW65_MOG_0150/PHT69,64.54818168058264
PHW65_MOG_0152/LH195,67.30232203257695
PHW65_MOG_0152/PHT69,64.01264658520661
PHW65_MOG_0153/LH195,68.02444948971885
PHW65_MOG_0153/PHT69,65.0693781192524
PHW65_MOG_0155/LH195,68.17967869511197
PHW65_MOG_0155/PHT69,65.54088759728465
PHW65_MOG_0156/LH195,68.60720875035271
PHW65_MOG_0156/PHT69,65.9465491316229
PHW65_MOG_0159/LH195,67.7736244556851
PHW65_MOG_0159/PHT69,64.97028107676186
PHW65_MOG_0160/LH195,66.70982233874469
PHW65_MOG_0160/PHT69,64.24817508382421
PHW65_MOG_0162/LH195,66.43925166793753
PHW65_MOG_0162/PHT69,64.1198980848715
PHW65_MOG_0163/LH195,66.39333137857581
PHW65_MOG_0163/PHT69,64.2008216869796
PHW65_MOG_0170/LH195,66.62535759337948
PHW65_MOG_0170/PHT69,64.81353977165931
PHW65_MOG_0172/LH195,68.14745211897652
PHW65_MOG_0172/PHT69,64.95818731664546
PHW65_MOG_0173/LH195,67.73501581927488
PHW65_MOG_0173/PHT69,64.21194828223781
PHW65_MOG_0175/LH195,65.85393176250516
PHW65_MOG_0175/PHT69,64.3113685178881
PHW65_MOG_0176/LH195,65.47023401477794
PHW65_MOG_0176/PHT69,63.88002226906826
PHW65_MOG_0178/LH195,67.58469781903217
PHW65_MOG_0178/PHT69,65.70772057335662
PHW65_MOG_0179/LH195,66.45333773388616
PHW65_MOG_0179/PHT69,63.12156572051011
PHW65_MOG_0180/LH195,67.44219085244615
PHW65_MOG_0180/PHT69,65.27726534985317
PHW65_MOG_0181/LH195,67.36765388829645
PHW65_MOG_0181/PHT69,64.51022455953279
PHW65_MOG_0183/LH195,66.85132069623964
PHW65_MOG_0183/PHT69,64.515176725342
PHW65_MOG_0190/LH195,68.48935773138041
PHW65_MOG_0190/PHT69,64.75693115044467
PHW65_MOG_0191/LH195,67.31864689813389
PHW65_MOG_0191/PHT69,64.96736780151379
PHW65_MOG_0192/LH195,67.43879142883907
PHW65_MOG_0192/PHT69,65.34224956419332
PHW65_MOG_0194/LH195,68.11367121274782
PHW65_MOG_0194/PHT69,64.76396935934804
PHW65_MOG_0195/LH195,66.81420656363929
PHW65_MOG_0196/LH195,68.21021893172737
PHW65_MOG_0196/PHT69,64.77068655063445
PHW65_MOG_0199/LH195,66.8091497644538
PHW65_MOG_0199/PHT69,64.19306817678411
PHW65_MOG_0200/PHT69,65.01115310903874
PHW65_MOG_0201/LH195,66.06661917113094
PHW65_MOG_0201/PHT69,63.58297991766277
PHW65_MOG_0203/LH195,66.51150340372881
PHW65_MOG_0203/PHT69,64.89705098227263
PHW65_MOG_0209/LH195,68.32330725766286
PHW65_MOG_0209/PHT69,64.897493363443
PHW65_MOG_0213/LH195,66.27722240142836
PHW65_MOG_0213/PHT69,64.4385459601808
PHW65_MOG_0215/LH195,67.75152146222305
PHW65_MOG_0215/PHT69,64.64890622931213
PHW65_MOG_0217/LH195,66.63565875954905
PHW65_MOG_0217/PHT69,63.56268315655629
PHW65_MOG_0218/LH195,67.99628547519794
PHW65_MOG_0218/PHT69,65.01699898455912
PHW65_MOG_0221/PHT69,64.24242421807115
PHW65_MOG_0223/LH195,66.4303176727779
PHW65_MOG_0223/PHT69,64.92264785100998
PHW65_MOG_0224/LH195,67.4801117279159
PHW65_MOG_0224/PHT69,64.35487538947672
PHW65_MOG_0232/LH195,66.42660674671302
PHW65_MOG_0232/PHT69,65.12357984433748
PHW65_MOG_0236/LH195,67.97457094690881
PHW65_MOG_0236/PHT69,64.4628736031593
PHW65_MOG_0242/PHT69,64.79794289589358
PHW65_MOG_0250/LH195,66.34448273082987
PHW65_MOG_0250/PHT69,64.93181432650394
PHW65_MOG_0253/PHT69,65.69618755770556
PHW65_MOG_0262/LH195,68.65242455864924
PHW65_MOG_0262/PHT69,63.72857510672271
PHW65_MOG_0266/LH195,66.3829212631811
PHW65_MOG_0266/PHT69,64.5758287856466
PHW65_MOG_0268/LH195,67.44585912604948
PHW65_MOG_0268/PHT69,65.73041929317608
PHW65_MOG_0271/LH195,68.36546142959219
PHW65_MOG_0271/PHT69,65.38751333296673
PHW65_MOG_0277/LH195,67.12564114482545
PHW65_MOG_0277/PHT69,63.78221474853998
PHW65_MOG_0287/LH195,67.42275695539195
PHW65_MOG_0287/PHT69,64.19123139902477
PHW65_MOG_0291/LH195,66.54574810748932
PHW65_MOG_0291/PHT69,65.02038645656926
PHW65_MOG_0293/LH195,66.36073690049422
PHW65_MOG_0293/PHT69,64.69844363081373
PHW65_MOG_0294/LH195,66.58669630590884
PHW65_MOG_0294/PHT69,64.30947990042033
PHW65_MOG_0296/LH195,69.08226627275633
PHW65_MOG_0296/PHT69,64.66104462659612
PHW65_MOG_0297/LH195,67.06071196766742
PHW65_MOG_0297/PHT69,64.1860807580357
PHW65_MOG_0300/LH195,68.16656327862071
PHW65_MOG_0300/PHT69,67.10289851848702
PHW65_MOG_0305/LH195,67.09189239843744
PHW65_MOG_0305/PHT69,63.79496510200013
PHW65_MOG_0306/LH195,66.37509167342215
PHW65_MOG_0306/PHT69,63.1961099253039
PHW65_MOG_0307/LH195,68.65464083863249
PHW65_MOG_0307/PHT69,65.0327833785863
PHW65_MOG_0308/LH195,65.71984516830777
PHW65_MOG_0308/PHT69,63.21923110487418
PHW65_MOG_0310/LH195,69.87349123767294
PHW65_MOG_0310/PHT69,64.69885933841998
PHW65_MOG_0311/LH195,67.52580231416896
PHW65_MOG_0311/PHT69,65.45753310501135
PHW65_MOG_0312/LH195,66.44614794456979
PHW65_MOG_0312/PHT69,65.15365239207742
PHW65_MOG_0314/LH195,68.23270831746771
PHW65_MOG_0314/PHT69,63.94328362580926
PHW65_MOG_0315/LH195,68.25398745100966
PHW65_MOG_0315/PHT69,65.03417029418154
PHW65_MOG_0316/LH195,67.45431450286569
PHW65_MOG_0316/PHT69,64.46057882640262
PHW65_MOG_0321/LH195,66.55215148826036
PHW65_MOG_0321/PHT69,65.38850491897568
PHW65_MOG_0326/LH195,68.50095895460116
PHW65_MOG_0326/PHT69,65.18143983209727
PHW65_MOG_0327/LH195,68.02307484578442
PHW65_MOG_0327/PHT69,63.95145772396668
PHW65_MOG_0329/LH195,66.54281955522357
PHW65_MOG_0329/PHT69,64.68566107966166
PHW65_MOG_0332/LH195,69.19143734388634
PHW65_MOG_0332/PHT69,65.08367624625059
PHW65_MOG_0335/LH195,67.36278991752665
PHW65_MOG_0335/PHT69,63.96690126829228
PHW65_MOG_0338/LH195,65.87802471887238
PHW65_MOG_0338/PHT69,63.60012417883828
PHW65_MOG_0340/LH195,66.03587730485731
PHW65_MOG_0340/PHT69,63.548287593963344
PHW65_MOG_0341/LH195,66.46959889115351
PHW65_MOG_0341/PHT69,64.67923460950806
PHW65_MOG_0343/LH195,67.62543189091177
PHW65_MOG_0343/PHT69,64.54460174081223
PHW65_MOG_0350/LH195,68.11006557675853
PHW65_MOG_0350/PHT69,65.3813747044869
PHW65_MOG_0352/LH195,67.48568128351626
PHW65_MOG_0352/PHT69,64.0324615530063
PHW65_MOG_0354/LH195,66.44602781458093
PHW65_MOG_0354/PHT69,63.89652007103485
PHW65_MOG_0375/LH195,66.79593626284759
PHW65_MOG_0375/PHT69,63.23317361476081
PHW65_MOG_0377/LH195,67.15365890073194
PHW65_MOG_0377/PHT69,64.43382524286979
PHW65_MOG_0379/LH195,65.99080414617737
PHW65_MOG_0379/PHT69,63.87791820930544
PHW65_MOG_0381/LH195,67.0217902781547
PHW65_MOG_0381/PHT69,63.91872534955572
PHW65_MOG_0384/LH195,67.30753521372732
PHW65_MOG_0384/PHT69,64.96456443187141
PHW65_MOG_0388/LH195,66.29660824673596
PHW65_MOG_0392/LH195,67.25865350712107
PHW65_MOG_0392/PHT69,64.30140368213172
PHW65_MOG_0393/LH195,67.86844728191465
PHW65_MOG_0393/PHT69,63.806593432606114
PHW65_MOG_0401/LH195,67.36488809801774
PHW65_MOG_0401/PHT69,64.2588312597398
PHW65_MOG_0410/LH195,67.81540859957302
PHW65_MOG_0410/PHT69,64.48530331114304
PHW65_MOG_0411/LH195,67.2791038461729
PHW65_MOG_0411/PHT69,63.882427227034505
PHW65_MOG_0420/LH195,67.63987479052123
PHW65_MOG_0420/PHT69,63.13448075424291
PHW65_MOG_0421/LH195,65.95447701066169
PHW65_MOG_0421/PHT69,63.65101232271592
PHW65_MOG_0422/LH195,67.07261699273307
PHW65_MOG_0422/PHT69,64.0478815883074
PHW65_MOG_0423/LH195,65.86557249837198
PHW65_MOG_0423/PHT69,64.92633148183107
PHW65_MOG_0424/LH195,67.74001416811251
PHW65_MOG_0424/PHT69,64.72137635203725
PHW65_MOG_0426/LH195,67.04211538734728
PHW65_MOG_0426/PHT69,64.28129508448447
PHW65_MOG_0429/LH195,67.61787214547162
PHW65_MOG_0429/PHT69,64.92932550571467
PHW65_MOG_0431/LH195,67.13151695479398
PHW65_MOG_0431/PHT69,63.4111151595283
PHW65_MOG_0436/LH195,67.6085688763135
PHW65_MOG_0436/PHT69,64.57420524504046
PHW65_MOG_0438/LH195,67.53812358722674
PHW65_MOG_0438/PHT69,64.69736459783954
PHW65_MOG_0439/LH195,66.29580571463238
PHW65_MOG_0439/PHT69,64.2622278928973
PHW65_MOG_0442/LH195,67.03352117539598
PHW65_MOG_0442/PHT69,64.72351312967744
PHW65_MOG_0444/LH195,66.84562115802959
PHW65_MOG_0444/PHT69,64.63221331228073
PHW65_MOG_0448/LH195,65.85496210737018
PHW65_MOG_0448/PHT69,63.26624031786086
PHW65_MOG_0449/LH195,67.02351788724769
PHW65_MOG_0449/PHT69,63.76108292044127
PHW65_MOG_0460/LH195,68.00829438920718
PHW65_MOG_0460/PHT69,65.25382171343409
PHW65_MOG_0461/LH195,66.30369746741378
PHW65_MOG_0461/PHT69,63.896308146981816
PHW65_MOG_0463/LH195,66.57592547760228
PHW65_MOG_0463/PHT69,64.19301241394757
PHW65_MOG_0467/LH195,67.42999052361006
PHW65_MOG_0467/PHT69,64.97545993118327
PHW65_MOG_0476/LH195,66.27954747427275
PHW65_MOG_0476/PHT69,63.49428893921658
PHW65_MOG_0487/LH195,67.1480837097285
PHW65_MOG_0487/PHT69,64.86440663885126
PHW65_MOG_0499/LH195,66.49047741015045
PHW65_MOG_0499/PHT69,63.737186409994706
PHW65_MOG_0511/LH195,66.31927875354974
PHW65_MOG_0511/PHT69,63.64133021682654
PHW65_MOG_0512/LH195,68.18687497224028
PHW65_MOG_0512/PHT69,64.67381823450624
PHW65_MOG_0513/LH195,67.01678633687894
PHW65_MOG_0513/PHT69,64.41572216796092
PHW65_MOG_0517/LH195,68.5131809546766
PHW65_MOG_0517/PHT69,67.39782399834468
PHW65_MOG_0522/LH195,67.87215559799641
PHW65_MOG_0522/PHT69,64.88328847501776
PHW65_MOG_0534/LH195,66.8283699164426
PHW65_MOG_0534/PHT69,63.354908954930806
PHW65_MOG_0539/LH195,66.85875076951959
PHW65_MOG_0539/PHT69,64.2999521523802
PHW65_MOG_0542/LH195,67.24279766521721
PHW65_MOG_0542/PHT69,64.03237530994035
PHW65_MOG_0544/LH195,67.39223022821432
PHW65_MOG_0544/PHT69,65.23946252237033
PHW65_MOG_0545/LH195,67.16635156382392
PHW65_MOG_0545/PHT69,64.79628843617597
PHW65_MOG_0551/LH195,66.86319239826236
PHW65_MOG_0551/PHT69,65.03291265129901
PHW65_MOG_0553/LH195,67.47608802201395
PHW65_MOG_0553/PHT69,64.1371214968566
PHW65_MOG_0554/LH195,66.52916238576903
PHW65_MOG_0554/PHT69,64.23655593067012
PHW65_MOG_0567/LH195,66.76101729936312
PHW65_MOG_0567/PHT69,64.17314619666782
PHW65_MOG_0569/LH195,66.70292092561549
PHW65_MOG_0569/PHT69,64.38452961995463
PHW65_MOG_0572/LH195,67.87201217930614
PHW65_MOG_0572/PHT69,64.14133971467149
PHW65_MOG_0575/LH195,68.999008551953
PHW65_MOG_0575/PHT69,64.89144503173073
PHW65_MOG_0583/LH195,66.60228592345564
PHW65_MOG_0583/PHT69,64.87278662624796
PHW65_MOG_0588/LH195,67.54533665885683
PHW65_MOG_0588/PHT69,64.48623165413852
PHW65_MOG_0591/LH195,67.03140202310348
PHW65_MOG_0591/PHT69,64.39090742783291
PHW65_MOG_0599/LH195,66.46680809250209
PHW65_MOG_0620/LH195,68.16118330290186
PHW65_MOG_0620/PHT69,64.9213853289633
PHW65_MOG_0621/LH195,66.76554061849735
PHW65_MOG_0621/PHT69,64.90757422043913
PHW65_MOG_0622/LH195,66.83296204543598
PHW65_MOG_0622/PHT69,64.96612259187087
PHW65_MOG_0629/LH195,67.22511788820266
PHW65_MOG_0629/PHT69,64.50778482173904
PHW65_MOG_0633/PHT69,66.58997163164246
PHW65_MOG_0651/PHT69,64.62124523788063
PHW65_MOG_0660/LH195,66.12861086306219
PHW65_MOG_0660/PHT69,63.64478834631217
PHW65_MOG_0662/LH195,67.39156884554548
PHW65_MOG_0662/PHT69,64.4666512962448
PHW65_MOG_0675/PHT69,65.64010912472978
PHW65_MOG_0696/LH195,66.76234735237905
PHW65_MOG_0696/PHT69,64.44251678742133
PHW65_MOG_0716/PHT69,64.33323963203571
S8324/LH162,53.5412687788814
S8324/PHK05,53.5412687788814
S8324/PHK56,57.5412687788814
S8324/PHR25,53.5412687788814
S8324/PHZ51,57.54126877888141
S8326/CG120,55.5412687788814
S8326/LH145,59.04126877888141
S8326/PHB47,60.04126877888142
S8326/PHHV4,65.04126877888142
S8326/PHRE1,61.04126877888142
S8326/S8324,57.54126877888141
TX714/PHZ51,67.28662517161077
TX714/TX779,72.62706548024008
TX773/TX779,76.83624486312097
TX777/LH195,73.95554481956383
TX779/LH195,72.48624964989786
TX951/LH195,70.54163297803724
W10004_0006/PHK76,61.40569808897487
W10004_0006/PHP02,59.99960856301144
W10004_0006/PHZ51,62.964742031996764
W10004_0007/PHK76,62.40483905130447
W10004_0007/PHP02,61.45495529556057
W10004_0007/PHZ51,65.11686669744589
W10004_0008/PHK76,63.89401172223447
W10004_0008/PHP02,61.377501045542225
W10004_0008/PHZ51,64.9410538268674
W10004_0010/PHK76,63.078506893990024
W10004_0010/PHP02,61.66959617206545
W10004_0010/PHZ51,64.07667105490941
W10004_0011/PHK76,62.699408985509756
W10004_0011/PHP02,61.17453961253603
W10004_0011/PHZ51,63.867912947824905
W10004_0013/PHK76,62.82384671243053
W10004_0013/PHP02,60.72510537485776
W10004_0013/PHZ51,63.40240661661165
W10004_0014/PHK76,62.96368353344641
W10004_0014/PHP02,61.8569579673654
W10004_0014/PHZ51,64.75158452990172
W10004_0018/PHK76,62.9531350231984
W10004_0018/PHP02,61.8449271544338
W10004_0018/PHZ51,64.40801571250566
W10004_0019/PHZ51,63.19350090777118
W10004_0026/PHK76,62.96844632227855
W10004_0026/PHP02,61.00154074327204
W10004_0026/PHZ51,64.03578561636482
W10004_0027/PHK76,61.369671159864545
W10004_0027/PHP02,60.351007928666014
W10004_0027/PHZ51,63.933994468293506
W10004_0031/PHK76,63.24512110041292
W10004_0031/PHP02,61.90106209950591
W10004_0031/PHZ51,64.62142043023775
W10004_0032/PHK76,61.51619420671287
W10004_0032/PHP02,60.3563318469432
W10004_0032/PHZ51,64.30847378889133
W10004_0034/PHK76,62.57661160474458
W10004_0034/PHP02,62.6740424188019
W10004_0034/PHZ51,65.00395920993218
W10004_0035/PHK76,62.888931495313436
W10004_0035/PHP02,60.2825283107677
W10004_0035/PHZ51,63.48333729597528
W10004_0037/PHK76,63.66185943633748
W10004_0037/PHP02,61.94265392585951
W10004_0037/PHZ51,64.33409068408437
W10004_0038/PHK76,63.01801264878768
W10004_0038/PHP02,61.701158841733225
W10004_0038/PHZ51,64.43859168903762
W10004_0039/PHK76,62.76516059239955
W10004_0039/PHP02,61.826715661746796
W10004_0039/PHZ51,63.964509828352874
W10004_0041/PHK76,62.739031422308194
W10004_0041/PHP02,61.1411600936359
W10004_0041/PHZ51,64.16730068241816
W10004_0042/PHK76,62.16165876804071
W10004_0042/PHP02,60.7009569908379
W10004_0042/PHZ51,63.47135914347208
W10004_0045/PHK76,63.161658768040695
W10004_0045/PHP02,62.015160633845376
W10004_0045/PHZ51,64.53812846904799
W10004_0046/PHK76,62.498126762388594
W10004_0046/PHP02,61.24452807202343
W10004_0046/PHZ51,64.99577528120722
W10004_0047/PHK76,63.983654810205856
W10004_0047/PHP02,60.784756308863265
W10004_0047/PHZ51,64.40379418867798
W10004_0053/PHK76,65.17476268399845
W10004_0053/PHP02,63.24170877286503
W10004_0053/PHZ51,66.08504029101327
W10004_0055/PHK76,62.48233480840011
W10004_0055/PHP02,61.765300840639924
W10004_0055/PHZ51,64.59886996012841
W10004_0059/PHK76,61.70735759312737
W10004_0059/PHP02,60.16251857954019
W10004_0059/PHZ51,62.39766672824167
W10004_0061/PHK76,63.43753468278623
W10004_0061/PHP02,61.21478859032419
W10004_0061/PHZ51,64.59879365522072
W10004_0062/PHK76,62.9279311830533
W10004_0062/PHP02,61.956588295348425
W10004_0062/PHZ51,64.29629821580436
W10004_0063/PHK76,64.15465257165611
W10004_0063/PHP02,61.238464118603005
W10004_0063/PHZ51,64.72281409612225
W10004_0064/PHK76,61.63611813288597
W10004_0064/PHP02,59.71202893031593
W10004_0064/PHZ51,64.23226386656034
W10004_0065/PHK76,62.202563776302135
W10004_0065/PHP02,61.285588047582294
W10004_0065/PHZ51,63.915005393179904
W10004_0068/PHK76,62.883609405513575
W10004_0068/PHP02,61.41415127029663
W10004_0068/PHZ51,64.48047665368597
W10004_0069/PHK76,62.32394380952877
W10004_0069/PHP02,59.99503774302478
W10004_0069/PHZ51,63.73161817473871
W10004_0070/PHK76,62.5176455166653
W10004_0070/PHP02,60.02404833078779
W10004_0070/PHZ51,64.18923067997252
W10004_0071/PHK76,61.4789990734014
W10004_0071/PHP02,59.99319582876067
W10004_0071/PHZ51,64.31531214058529
W10004_0072/PHK76,63.202227554624685
W10004_0072/PHP02,61.96182655605529
W10004_0072/PHZ51,64.8095174709746
W10004_0073/PHK76,63.037112564572766
W10004_0073/PHP02,61.9979197404155
W10004_0073/PHZ51,64.72857557892978
W10004_0076/PHK76,62.95432022346088
W10004_0076/PHP02,61.47615084536699
W10004_0076/PHZ51,64.88517619028546
W10004_0078/PHK76,62.80431727543529
W10004_0078/PHP02,61.173533531069474
W10004_0078/PHZ51,65.71727827053816
W10004_0079/PHK76,62.59667108225605
W10004_0079/PHP02,60.54176132217187
W10004_0079/PHZ51,63.61028514839028
W10004_0080/PHK76,64.13596671565708
W10004_0080/PHP02,62.67242934906517
W10004_0080/PHZ51,65.25514711516252
W10004_0086/PHK76,62.035428390855294
W10004_0086/PHP02,61.26942464747633
W10004_0086/PHZ51,65.21047540340636
W10004_0087/PHK76,61.93742879272062
W10004_0087/PHP02,60.341218126464675
W10004_0087/PHZ51,63.74751555414873
W10004_0092/PHK76,63.45397207058575
W10004_0092/PHP02,61.34732390733857
W10004_0092/PHZ51,64.94234824910214
W10004_0093/PHK76,62.99961577865148
W10004_0093/PHP02,62.152658725547205
W10004_0093/PHZ51,65.27470894006703
W10004_0095/PHK76,63.79855905881884
W10004_0095/PHP02,61.45792244707461
W10004_0095/PHZ51,64.52705321189204
W10004_0097/PHK76,62.129795817623545
W10004_0097/PHP02,60.282413757898695
W10004_0097/PHZ51,64.1881705357714
W10004_0098/PHK76,62.385504918550886
W10004_0098/PHP02,60.93211380441528
W10004_0098/PHZ51,63.72448214339345
W10004_0099/PHK76,63.19627417903734
W10004_0099/PHP02,61.807552284229644
W10004_0099/PHZ51,65.50963728446486
W10004_0101/PHK76,61.65209087853981
W10004_0101/PHP02,61.163480691531134
W10004_0101/PHZ51,63.24769367661957
W10004_0103/PHK76,63.339117139353576
W10004_0103/PHP02,63.754807673133534
W10004_0103/PHZ51,65.40089476791343
W10004_0106/PHK76,61.78708954935603
W10004_0106/PHP02,60.734904604763926
W10004_0106/PHZ51,63.304874538327844
W10004_0110/PHK76,62.46580676658235
W10004_0110/PHP02,61.208983351807596
W10004_0110/PHZ51,63.46529897577273
W10004_0112/PHK76,63.415626466757146
W10004_0112/PHP02,61.075589987013444
W10004_0112/PHZ51,64.22818393639562
W10004_0115/PHK76,62.894758099235474
W10004_0115/PHP02,61.13846332918727
W10004_0115/PHZ51,64.73982961079568
W10004_0116/PHK76,61.72161005767505
W10004_0116/PHP02,60.8379173300915
W10004_0116/PHZ51,63.4069188916377
W10004_0118/PHK76,62.00693680094412
W10004_0118/PHP02,61.42449117965154
W10004_0118/PHZ51,64.20944642766504
W10004_0119/PHK76,62.44035585132284
W10004_0119/PHP02,60.03576793151023
W10004_0119/PHZ51,64.25200183258103
W10004_0121/PHK76,64.16067172871173
W10004_0121/PHP02,61.81594288784733
W10004_0121/PHZ51,65.52856756865488
W10004_0122/PHK76,63.44749565044097
W10004_0122/PHP02,61.65531736957079
W10004_0122/PHZ51,65.31043407195489
W10004_0127/PHK76,62.33358900506329
W10004_0127/PHP02,60.27385429449581
W10004_0127/PHZ51,64.02982001632671
W10004_0129/PHK76,62.36428570838079
W10004_0129/PHP02,61.00704826843953
W10004_0129/PHZ51,64.2829254778682
W10004_0132/PHK76,62.13442057444792
W10004_0132/PHP02,60.64479222463443
W10004_0132/PHZ51,64.47233792636071
W10004_0133/PHK76,62.43452956426955
W10004_0133/PHP02,61.370132467184064
W10004_0133/PHZ51,64.7775079218412
W10004_0134/PHK76,62.213646491627905
W10004_0134/PHP02,61.88536751858985
W10004_0134/PHZ51,63.94077371909092
W10004_0138/PHK76,61.818352209375504
W10004_0138/PHP02,59.85510252356094
W10004_0138/PHZ51,64.61668695016539
W10004_0140/PHK76,64.83165975906228
W10004_0140/PHP02,61.9376115108851
W10004_0140/PHZ51,64.93043110250204
W10004_0144/PHK76,61.97599622124777
W10004_0144/PHP02,60.13155839810416
W10004_0144/PHZ51,63.55115697571147
W10004_0146/PHK76,63.00241773929627
W10004_0146/PHP02,61.16587562024029
W10004_0146/PHZ51,64.48848122129087
W10004_0147/PHK76,62.56793435363617
W10004_0147/PHP02,61.92939295748873
W10004_0147/PHZ51,65.51792783599038
W10004_0148/PHK76,63.12161005767505
W10004_0148/PHP02,61.06582480207542
W10004_0148/PHZ51,64.30328711327786
W10004_0149/PHK76,62.76940002528315
W10004_0149/PHP02,62.336828480491256
W10004_0149/PHZ51,65.12768355662806
W10004_0150/PHK76,62.99544882746707
W10004_0150/PHP02,61.733950523359454
W10004_0150/PHZ51,64.91393777924492
W10004_0152/PHK76,62.57485279481459
W10004_0152/PHP02,61.67610652805533
W10004_0152/PHZ51,65.14521125453787
W10004_0153/PHK76,62.96030744589242
W10004_0153/PHP02,61.071059979841756
W10004_0153/PHZ51,64.44151156166392
W10004_0154/PHK76,63.73097136864318
W10004_0154/PHP02,62.05184583847928
W10004_0154/PHZ51,65.42169283402406
W10004_0160/PHK76,63.08058854709697
W10004_0160/PHP02,60.515587763502076
W10004_0160/PHZ51,64.17582257283249
W10004_0161/PHK76,61.8192053527286
W10004_0161/PHP02,61.17774686978416
W10004_0161/PHZ51,63.41338199232803
W10004_0166/PHK76,62.952150628055065
W10004_0166/PHP02,63.24106817159985
W10004_0166/PHZ51,64.06810053664748
W10004_0167/PHK76,62.21134365137101
W10004_0167/PHP02,61.45677113205431
W10004_0167/PHZ51,64.20230020912355
W10004_0168/PHK76,63.82236475564153
W10004_0168/PHP02,62.78228644521144
W10004_0168/PHZ51,66.01764181439516
W10004_0169/PHK76,62.83412572599389
W10004_0169/PHP02,60.20748798105764
W10004_0169/PHZ51,63.425029076102646
W10004_0171/PHK76,63.34278996635399
W10004_0171/PHP02,62.43903810490386
W10004_0171/PHZ51,65.00135114231213
W10004_0178/PHK76,62.59233494215236
W10004_0178/PHP02,62.28631574243744
W10004_0178/PHZ51,64.52558991720551
W10004_0179/PHK76,62.1325409062018
W10004_0179/PHP02,60.67014613335912
W10004_0179/PHZ51,64.05230449359098
W10004_0185/PHK76,62.09740402978984
W10004_0185/PHP02,60.3474178462829
W10004_0185/PHZ51,64.18657020472823
W10004_0189/PHK76,62.86645340754439
W10004_0189/PHP02,61.86805501173791
W10004_0189/PHZ51,64.47672420927194
W10004_0190/PHK76,62.905698088974866
W10004_0190/PHP02,61.76568261990056
W10004_0190/PHZ51,64.68443426501346
W10004_0192/PHK76,62.85629394824312
W10004_0192/PHP02,61.8887855337164
W10004_0192/PHZ51,65.17987318390932
W10004_0194/PHK76,62.57300222906701
W10004_0194/PHP02,61.26141852559198
W10004_0194/PHZ51,63.920365064698345
W10004_0196/PHK76,64.46109568914221
W10004_0196/PHP02,63.045753018480504
W10004_0196/PHZ51,65.53711924437722
W10004_0197/PHK76,63.363165110083884
W10004_0197/PHP02,62.220547569219846
W10004_0197/PHZ51,64.82144386606149
W10004_0199/PHK76,64.3557179860804
W10004_0199/PHP02,62.45303734662975
W10004_0199/PHZ51,64.9244698604719
W10004_0200/PHK76,63.44732034684958
W10004_0200/PHP02,62.66026646160005
W10004_0200/PHZ51,64.52442605380051
W10004_0203/PHK76,63.328583767537054
W10004_0203/PHP02,61.43219704560658
W10004_0203/PHZ51,64.82066088348321
W10004_0204/PHK76,63.72014266363845
W10004_0204/PHP02,61.26526240343317
W10004_0204/PHZ51,65.22636403635478
W10004_0206/PHK76,61.566296509792295
W10004_0206/PHP02,60.65858720362323
W10004_0206/PHZ51,64.02768795896311
W10004_0208/PHZ51,64.31886774140193
W10004_0212/PHK76,62.2525678589498
W10004_0212/PHP02,60.45934845028637
W10004_0212/PHZ51,64.03376234865489
W10004_0213/PHK76,62.28981286950324
W10004_0213/PHP02,60.316781502746416
W10004_0213/PHZ51,64.69679068434064
W10004_0217/PHK76,61.46488577455238
W10004_0217/PHP02,59.95891471387948
W10004_0217/PHZ51,64.19601611948048
W10004_0220/PHK76,62.22661242147106
W10004_0220/PHP02,61.909003577303764
W10004_0220/PHZ51,65.42400965458273
W10004_0221/PHK76,63.13674719302017
W10004_0221/PHP02,61.70631716609389
W10004_0221/PHZ51,64.9597348409841
W10004_0223/PHK76,63.103810470920195
W10004_0223/PHP02,62.90779002637784
W10004_0223/PHZ51,64.67973925191907
W10004_0224/PHK76,64.27361122768676
W10004_0224/PHP02,61.514295303236935
W10004_0224/PHZ51,64.2834103605832
W10004_0225/PHK76,62.13596671565709
W10004_0225/PHP02,60.495809728847455
W10004_0225/PHZ51,63.86309561113552
W10004_0227/PHK76,61.52310039853843
W10004_0227/PHP02,61.09806308142383
W10004_0227/PHZ51,63.98433106435384
W10004_0231/PHK76,60.91495549474357
W10004_0231/PHP02,60.112004918845955
W10004_0231/PHZ51,63.842095720489546
W10004_0236/PHK76,62.39896725425907
W10004_0236/PHP02,61.469143692405616
W10004_0236/PHZ51,64.6162533392017
W10004_0238/PHK76,63.83794359197834
W10004_0238/PHP02,62.46882371068548
W10004_0238/PHZ51,65.08066007040347
W10004_0241/PHK76,62.55060239020382
W10004_0241/PHP02,61.243742036127436
W10004_0241/PHZ51,64.37182652061003
W10004_0242/PHK76,62.39379628724281
W10004_0242/PHP02,61.18217553638682
W10004_0242/PHZ51,63.688120902325934
W10004_0251/PHZ51,65.03361324388293
W10004_0253/PHK76,62.47826789031863
W10004_0253/PHP02,60.18865668099775
W10004_0253/PHZ51,63.923945646894005
W10004_0254/PHK76,62.51541186522928
W10004_0254/PHP02,61.68850642826694
W10004_0254/PHZ51,64.27932034814094
W10004_0256/PHK76,62.01940002528315
W10004_0256/PHP02,61.154030663339384
W10004_0256/PHZ51,63.70749344004117
W10004_0258/PHK76,62.197619041714134
W10004_0258/PHP02,61.88732126172511
W10004_0258/PHZ51,64.54579346941065
W10004_0261/PHK76,65.07858376753705
W10004_0261/PHP02,62.828574347545896
W10004_0261/PHZ51,65.0244766910103
W10004_0262/PHK76,63.02470966952343
W10004_0262/PHP02,60.44531298510681
W10004_0262/PHZ51,64.27206126238096
W10004_0264/PHK76,62.84128133281473
W10004_0264/PHP02,61.45417258640736
W10004_0264/PHZ51,64.21671384393524
W10004_0268/PHK76,63.796310064364945
W10004_0268/PHP02,62.58836553713058
W10004_0268/PHZ51,65.36079668244884
W10004_0270/PHK76,62.05190141881597
W10004_0270/PHP02,60.118611795489976
W10004_0270/PHZ51,64.65728265888383
W10004_0271/PHK76,63.54798539106344
W10004_0271/PHP02,62.12426921635355
W10004_0271/PHZ51,65.85738036985067
W10004_0275/PHZ51,62.33062279558653
W10004_0276/PHK76,62.9462404513912
W10004_0276/PHP02,61.567446758930885
W10004_0276/PHZ51,64.35191865747909
W10004_0290/PHK76,63.490630329208365
W10004_0290/PHP02,61.841468952692814
W10004_0290/PHZ51,64.33654265886688
W10004_0291/PHK76,62.748288828076916
W10004_0291/PHP02,61.6417801426634
W10004_0291/PHZ51,64.64173333913601
W10004_0292/PHK76,62.405542902157336
W10004_0292/PHP02,60.96379484746413
W10004_0292/PHZ51,63.709039372582986
W10004_0299/PHK76,63.891481952212
W10004_0299/PHP02,62.386634580778605
W10004_0299/PHZ51,65.74414724459318
W10004_0306/PHK76,62.81068872424791
W10004_0306/PHP02,61.1118418110512
W10004_0306/PHZ51,64.66970265478706
W10004_0308/PHK76,64.15052326677733
W10004_0308/PHP02,62.20003066248964
W10004_0308/PHZ51,64.46541768419294
W10004_0309/PHK76,63.13189239215218
W10004_0309/PHP02,61.4275029283261
W10004_0309/PHZ51,63.456377200789795
W10004_0310/PHK76,64.07921535873407
W10004_0310/PHP02,62.334632633439526
W10004_0310/PHZ51,64.51577664600534
W10004_0311/PHK76,62.19810556601244
W10004_0311/PHP02,59.75561643354085
W10004_0311/PHZ51,62.98491323888307
W10004_0327/PHK76,65.92594327390586
W10004_0327/PHP02,61.341255678756994
W10004_0327/PHZ51,64.43907111901048
W10004_0329/PHK76,61.411823949117604
W10004_0329/PHP02,59.7341681778074
W10004_0329/PHZ51,62.790845282065845
W10004_0336/PHK76,63.31899923720526
W10004_0336/PHP02,61.35879102751843
W10004_0336/PHZ51,65.08312681910758
W10004_0344/PHK76,61.943528981327574
W10004_0344/PHP02,61.19986394959988
W10004_0344/PHZ51,64.27582121182327
W10004_0346/PHK76,62.08311082142353
W10004_0346/PHP02,60.61755901263262
W10004_0346/PHZ51,63.49968101619132
W10004_0361/PHK76,63.76364180866671
W10004_0361/PHP02,61.76223135841855
W10004_0361/PHZ51,64.31461676913415
W10004_0362/PHK76,62.31928496065597
W10004_0362/PHP02,60.88008468449461
W10004_0362/PHZ51,64.48520196479274
W10004_0380/PHK76,63.97984058622252
W10004_0380/PHP02,61.79816645754375
W10004_0380/PHZ51,64.93795202644996
W10004_0381/PHK76,62.99525043420372
W10004_0381/PHP02,61.141374061391694
W10004_0381/PHZ51,64.65772332115998
W10004_0383/PHK76,62.62775584790424
W10004_0383/PHP02,61.069384415733616
W10004_0383/PHZ51,64.68807349199825
W10004_0389/PHK76,61.995819723330456
W10004_0389/PHP02,62.08636071381533
W10004_0389/PHZ51,64.71777284584692
W10004_0393/PHK76,62.21288979258016
W10004_0393/PHP02,60.456231030310875
W10004_0393/PHZ51,64.35026426259547
W10004_0394/PHK76,62.538368672148664
W10004_0394/PHP02,61.120820770968365
W10004_0394/PHZ51,64.5439582606102
W10004_0395/PHK76,61.79885775368339
W10004_0395/PHP02,60.35782659175677
W10004_0395/PHZ51,63.88268675365283
W10004_0396/PHK76,62.58677857784639
W10004_0396/PHP02,60.268117120213276
W10004_0396/PHZ51,64.2900096134521
W10004_0403/PHK76,62.256936800944125
W10004_0403/PHP02,61.19100705113108
W10004_0403/PHZ51,64.44119102177022
W10004_0409/PHK76,64.36428570838079
W10004_0409/PHP02,63.39810735106934
W10004_0409/PHZ51,65.13705331910253
W10004_0410/PHK76,61.60044039063377
W10004_0410/PHP02,61.3445364309745
W10004_0410/PHZ51,64.16380820101237
W10004_0412/PHK76,62.924347944830345
W10004_0412/PHP02,62.70132122083087
W10004_0412/PHZ51,64.306350013608
W10004_0417/PHK76,63.18606669194982
W10004_0417/PHP02,60.77810892300694
W10004_0417/PHZ51,63.852471262779446
W10004_0419/PHK76,62.422450472686904
W10004_0419/PHP02,61.26425352811854
W10004_0419/PHZ51,64.90065048122968
W10004_0424/PHK76,63.11816825096665
W10004_0424/PHP02,61.92747702573895
W10004_0424/PHZ51,64.55727112933666
W10004_0427/PHK76,61.49663612020014
W10004_0427/PHP02,61.45493743797587
W10004_0427/PHZ51,64.12828429568529
W10004_0430/PHK76,62.91495549474358
W10004_0430/PHP02,61.63205354924147
W10004_0430/PHZ51,65.10655884093197
W10004_0465/PHK76,63.97803726330904
W10004_0465/PHP02,62.30150955977554
W10004_0465/PHZ51,64.6271076729717
W10004_0467/PHK76,61.26586688943091
W10004_0467/PHP02,59.64779414986107
W10004_0467/PHZ51,63.70346836972816
W10004_0474/PHK76,61.98212056181093
W10004_0474/PHP02,60.578464258694225
W10004_0474/PHZ51,64.09928604723153
W10004_0476/PHK76,62.762015038516445
W10004_0476/PHP02,60.89272373285527
W10004_0476/PHZ51,63.88268675365283
W10004_0487/PHK76,63.2335719005563
W10004_0487/PHP02,62.55282145185349
W10004_0487/PHZ51,64.82069670619683
W10004_0498/PHK76,62.84849392573289
W10004_0498/PHP02,61.93326318789539
W10004_0498/PHZ51,64.96883971489662
W10004_0501/PHK76,62.37099818883193
W10004_0501/PHP02,62.08016022591778
W10004_0501/PHZ51,64.0913423014658
W10004_0505/PHK76,62.60702216977557
W10004_0505/PHP02,60.857767499864636
W10004_0505/PHZ51,65.15793709285742
W10004_0601/PHK76,62.1421256277106
W10004_0601/PHP02,60.761418525591985
W10004_0601/PHZ51,64.80740152020091
W10004_0602/PHK76,63.56408746004124
W10004_0602/PHP02,62.63023984485522
W10004_0602/PHZ51,64.21371647588872
W10004_0608/PHK76,62.82254015506198
W10004_0608/PHP02,63.44941721756245
W10004_0608/PHZ51,65.21998288461741
W10004_0609/PHZ51,64.88161687194456
W10004_0612/PHK76,63.05440965787201
W10004_0612/PHP02,62.44853244210625
W10004_0612/PHZ51,64.91490276120173
W10004_0614/PHK76,63.04461519021237
W10004_0614/PHP02,60.3139472753402
W10004_0614/PHZ51,65.46608644209189
W10004_0616/PHK76,63.39392156447531
W10004_0616/PHP02,61.65054921054669
W10004_0616/PHZ51,64.97723085562467
W10004_0618/PHK76,62.665717932473385
W10004_0618/PHP02,61.11424260572338
W10004_0618/PHZ51,64.2163694668154
W10004_0619/PHK76,63.9175910643989
W10004_0619/PHP02,63.320430431122865
W10004_0619/PHZ51,64.94214281378586
W10004_0620/PHK76,62.64596608195344
W10004_0620/PHP02,61.63034031421786
W10004_0620/PHZ51,63.956377200789795
W10004_0622/PHK76,64.57858376753705
W10004_0622/PHP02,62.189958080740126
W10004_0622/PHZ51,64.73374059758365
W10004_0624/PHK76,61.52875907150933
W10004_0624/PHP02,59.68027600484794
W10004_0624/PHZ51,63.43418771351661
W10004_0625/PHK76,62.625330651341535
W10004_0625/PHP02,61.618710156163694
W10004_0625/PHZ51,65.40706103299999
W10004_0626/PHK76,62.50817907541342
W10004_0626/PHP02,60.99058883262299
W10004_0626/PHZ51,64.89032045742664
W10004_0628/PHK76,63.653548795449154
W10004_0628/PHP02,62.038721934349724
W10004_0628/PHZ51,65.17506617197148
W10004_0631/PHK76,63.923259775100554
W10004_0631/PHP02,61.869265543672995
W10004_0631/PHZ51,65.26557137955902
W10004_0632/PHK76,61.91191710087039
W10004_0632/PHP02,61.723824243895635
W10004_0632/PHZ51,64.84039028375689
W10004_0636/PHK76,64.35988852107627
W10004_0636/PHP02,63.43475663867073
W10004_0636/PHZ51,64.55761591275906
W10004_0637/PHK76,61.51270138785515
W10004_0637/PHP02,61.19172033327252
W10004_0637/PHZ51,63.93459820053289
W10004_0639/PHK76,64.10702251798952
W10004_0639/PHP02,63.76696901494544
W10004_0639/PHZ51,65.47589577311864
W10004_0644/PHK76,63.97516229901844
W10004_0644/PHP02,61.843793005181666
W10004_0644/PHZ51,65.00703911043607
W10004_0645/PHK76,64.47751683717642
W10004_0645/PHP02,62.689698735922974
W10004_0645/PHZ51,64.92088121589683
W10004_0646/PHK76,62.59125347071202
W10004_0646/PHP02,61.35134878174398
W10004_0646/PHZ51,64.40824472558926
W10004_0649/PHK76,61.36508384881779
W10004_0649/PHP02,60.897765894400145
W10004_0649/PHZ51,64.04974852268964
W10004_0650/PHK76,64.6264622501815
W10004_0650/PHP02,62.58244298007976
W10004_0650/PHZ51,65.10607296283553
W10004_0651/PHK76,62.33240197721574
W10004_0651/PHP02,60.88955826902122
W10004_0651/PHZ51,64.31469427657223
W10004_0654/PHK76,62.849527540046196
W10004_0654/PHP02,61.79709361481613
W10004_0654/PHZ51,64.703570660702
W10004_0658/PHK76,63.15563307803593
W10004_0658/PHP02,62.82656923234207
W10004_0658/PHZ51,64.68453941491529
W10004_0659/PHK76,63.01014010208927
W10004_0659/PHP02,61.8296297446869
W10004_0659/PHZ51,64.45747391199129
W10004_0661/PHK76,62.76619420671286
W10004_0661/PHP02,61.44891464854001
W10004_0661/PHZ51,64.99726995248035
W10004_0664/PHK76,63.576188498143885
W10004_0664/PHP02,63.50483284439844
W10004_0664/PHZ51,63.871252479084845
W10004_0665/PHZ51,65.38161687194456
W10004_0667/PHK76,61.60273335861648
W10004_0667/PHP02,62.2020362643769
W10004_0667/PHZ51,64.3802337322059
W10004_0669/PHK76,62.97483379423668
W10004_0669/PHP02,60.59339095739749
W10004_0669/PHZ51,64.37128913704595
W10004_0672/PHK76,61.52058210027247
W10004_0672/PHP02,60.5861916284725
W10004_0672/PHZ51,63.66628803061358
W10004_0673/PHK76,62.56747264197399
W10004_0673/PHP02,60.89775848938859
W10004_0673/PHZ51,64.20637720078979
W10004_0674/PHK76,63.49909990097142
W10004_0674/PHP02,60.6864283422506
W10004_0674/PHZ51,63.47428257942573
W10004_0675/PHK76,61.652385825295724
W10004_0675/PHP02,60.28251200462209
W10004_0675/PHZ51,64.42388356875243
W10004_0678/PHK76,61.863987013516244
W10004_0678/PHP02,60.924802286026136
W10004_0678/PHZ51,64.09486997611923
W10004_0680/PHK76,62.17435813960845
W10004_0680/PHP02,61.280891756954475
W10004_0680/PHZ51,64.03002896831654
W10004_0682/PHK76,63.2012494913054
W10004_0682/PHP02,61.47593248441437
W10004_0682/PHZ51,64.8742011320322
W10004_0684/PHK76,61.96898210480409
W10004_0684/PHP02,61.72843946406148
W10004_0684/PHZ51,64.41916289590577
W10004_0685/PHK76,60.755120466709265
W10004_0685/PHP02,59.738367774735124
W10004_0685/PHZ51,63.19731075953396
W10004_0687/PHK76,63.00578380602024
W10004_0687/PHP02,61.54174545283078
W10004_0687/PHZ51,64.5836152179117
W10004_0688/PHK76,63.29874624506269
W10004_0688/PHP02,61.58037802514973
W10004_0688/PHZ51,65.74804368094203
W10004_0689/PHK76,62.67328153922391
W10004_0689/PHP02,62.745664185971776
W10004_0689/PHZ51,65.36868018670629
W10004_0691/PHK76,60.784124105011315
W10004_0691/PHP02,59.48482718195379
W10004_0691/PHZ51,62.687909861213114
W10004_0695/PHK76,63.965524420350064
W10004_0695/PHP02,62.55776523174509
W10004_0695/PHZ51,64.88346309798274
W10004_0696/PHK76,62.78830772102513
W10004_0696/PHP02,62.78834200616527
W10004_0696/PHZ51,66.14490149489518
W10004_0697/PHK76,62.62775584790423
W10004_0697/PHP02,61.35756061816851
W10004_0697/PHZ51,64.36214904992197
W10004_0701/PHK76,63.49752059143811
W10004_0701/PHP02,61.9314507892504
W10004_0701/PHZ51,64.76995332167104
W10004_0702/PHK76,62.74603768282126
W10004_0702/PHP02,61.83051851214028
W10004_0702/PHZ51,64.7152528293419
W10004_0703/PHK76,61.96913591641713
W10004_0703/PHP02,60.74765324888667
W10004_0703/PHZ51,63.82034705909094
W10004_0704/PHK76,63.696715625965695
W10004_0704/PHP02,63.08802476489848
W10004_0704/PHZ51,65.0539583676989
W10004_0705/PHK76,61.96263330285136
W10004_0705/PHP02,61.364014889966285
W10004_0705/PHZ51,64.39774503566665
W10004_0707/PHK76,62.88978692571638
W10004_0707/PHP02,61.30469082217696
W10004_0707/PHZ51,63.53672754720131
W10004_0711/PHK76,62.154652571656115
W10004_0711/PHP02,60.212098882911214
W10004_0711/PHZ51,63.55227079314699
W10004_0712/PHK76,63.37472196755894
W10004_0712/PHP02,60.959411439363876
W10004_0712/PHZ51,64.78804166643549
W10004_0713/PHK76,60.88152722315203
W10004_0713/PHP02,60.65828798252815
W10004_0713/PHZ51,64.15037910035936
W10004_0714/PHK76,63.23175051548445
W10004_0714/PHP02,61.67165118886691
W10004_0714/PHZ51,64.49524507582427
W10004_0715/PHK76,63.268224790128954
W10004_0715/PHP02,62.82169799128162
W10004_0715/PHZ51,63.254139612114074
W10004_0717/PHK76,61.879795817623545
W10004_0717/PHP02,60.07101784769662
W10004_0717/PHZ51,62.87577509245311
W10004_0723/PHK76,62.38551669242571
W10004_0723/PHP02,60.311620934420645
W10004_0723/PHZ51,63.26971180930051
W10004_0727/PHK76,62.20491365043277
W10004_0727/PHP02,61.76446218191001
W10004_0727/PHZ51,65.24891848766238
W10004_0729/PHK76,64.4617213135621
W10004_0729/PHP02,62.80024043942013
W10004_0729/PHZ51,65.41676349678627
W10004_0732/PHK76,63.84849392573289
W10004_0732/PHP02,61.44202634634826
W10004_0732/PHZ51,64.25993107496372
W10004_0733/PHK76,63.183002974949844
W10004_0733/PHP02,62.07983871661549
W10004_0733/PHZ51,65.26290798630022
W10004_0734/PHK76,63.45797604726578
W10004_0734/PHP02,62.535655215439775
W10004_0734/PHZ51,64.88543878274511
W10004_0736/PHK76,63.12108225897366
W10004_0736/PHP02,60.77419725245029
W10004_0736/PHZ51,64.84751292468576
W10004_0737/PHZ51,64.55711624222894
W10004_0741/PHK76,61.248288828076916
W10004_0741/PHP02,59.91193230058804
W10004_0741/PHZ51,63.162610172805
W10004_0745/PHK76,63.17476268399845
W10004_0745/PHP02,61.962936175456605
W10004_0745/PHZ51,64.49444777206806
W10004_0746/PHK76,63.50817907541343
W10004_0746/PHP02,62.79088903613023
W10004_0746/PHZ51,65.63536450314528
W10004_0747/PHK76,62.53542839085529
W10004_0747/PHP02,61.87289199386057
W10004_0747/PHZ51,64.37971959944485
W10004_0751/PHK76,62.425019173727286
W10004_0751/PHP02,60.26643799740828
W10004_0751/PHZ51,64.54920250947896
W10004_0754/PHK76,63.012910158002406
W10004_0754/PHP02,61.74730529245006
W10004_0754/PHZ51,64.33798507886128
W10004_0756/PHK76,63.17389980426221
W10004_0756/PHP02,61.88609648797639
W10004_0756/PHZ51,64.79501985784219
W10004_0757/PHK76,64.27677008776162
W10004_0757/PHP02,62.50169122321074
W10004_0757/PHZ51,64.8089513641475
W10004_0760/PHK76,61.746181095998516
W10004_0760/PHP02,60.27857467437839
W10004_0760/PHZ51,63.58108544776177
W10004_0768/PHK76,63.17714858342166
W10004_0768/PHP02,62.86203581522618
W10004_0768/PHZ51,65.90024071048418
W10004_0771/PHK76,62.50576199134696
W10004_0771/PHP02,60.397870660214664
W10004_0771/PHZ51,64.07856001620257
W10004_0773/PHK76,63.1596725345768
W10004_0773/PHP02,60.48347487336464
W10004_0773/PHZ51,64.31777782151129
W10004_0774/PHK76,64.87814213458272
W10004_0774/PHP02,63.27591986156175
W10004_0774/PHZ51,65.96916984081288
W10004_0775/PHK76,62.05162570047946
W10004_0775/PHP02,61.16376897480385
W10004_0775/PHZ51,64.39086978199069
W10004_0776/PHK76,62.562096941367024
W10004_0776/PHP02,61.79246506638448
W10004_0776/PHZ51,64.25852379628384
W10004_0779/PHK76,63.04173666486242
W10004_0779/PHP02,61.49512361806789
W10004_0779/PHZ51,64.37823444695277
W10004_0781/PHK76,63.516194206712854
W10004_0781/PHP02,62.71617966546216
W10004_0781/PHZ51,64.89994435004351
W10004_0782/PHK76,63.77848926407423
W10004_0782/PHP02,62.09574891105149
W10004_0782/PHZ51,64.7421275460523
W10004_0783/PHK76,62.57047227414333
W10004_0783/PHP02,60.46967966852197
W10004_0783/PHZ51,64.32287805542578
W10004_0784/PHK76,63.58232530842385
W10004_0784/PHP02,62.15054921054669
W10004_0784/PHZ51,65.31077078783309
W10004_0787/PHK76,63.55419179382555
W10004_0787/PHP02,63.855983041298614
W10004_0787/PHZ51,65.5562151738773
W10004_0789/PHK76,63.74855094865123
W10004_0789/PHP02,61.27873540618956
W10004_0789/PHZ51,64.72491577245799
W10004_0792/PHK76,61.72976325166742
W10004_0792/PHP02,61.01231317850787
W10004_0792/PHZ51,65.35019289273811
W10004_0794/PHK76,63.787243418018456
W10004_0794/PHP02,62.51590041487303
W10004_0794/PHZ51,65.8665313169584
W10004_0795/PHK76,61.21933426979814
W10004_0795/PHP02,60.89767964003765
W10004_0795/PHZ51,64.10243424388992
W10004_0798/PHK76,62.836451379201634
W10004_0798/PHP02,61.63868241168767
W10004_0798/PHZ51,65.314880988159
W10004_0799/PHK76,63.81570559018364
W10004_0799/PHP02,61.444217256618316
W10004_0799/PHZ51,65.14203437094022
W10004_0800/PHK76,62.618250966213544
W10004_0800/PHP02,62.573135862426916
W10004_0800/PHZ51,63.770500888163014
W10004_0801/PHK76,63.58162216141025
W10004_0801/PHP02,61.67878336677464
W10004_0801/PHZ51,65.17973925191907
W10004_0802/PHK76,62.49829494779391
W10004_0802/PHP02,60.454650019324035
W10004_0802/PHZ51,64.48739918942435
W10004_0803/PHK76,63.02944423343858
W10004_0803/PHP02,61.69609643795821
W10004_0803/PHZ51,64.96676689920716
W10004_0806/PHK76,63.250025589403805
W10004_0806/PHP02,61.76020316693983
W10004_0806/PHZ51,65.09592691889654
W10004_0807/PHK76,62.783582638874464
W10004_0807/PHP02,61.07542148752959
W10004_0807/PHZ51,63.98676186801112
W10004_0812/PHK76,63.849527540046196
W10004_0812/PHP02,61.43209798375955
W10004_0812/PHZ51,65.50644488206295
W10004_0814/PHK76,63.8739888174846
W10004_0814/PHP02,61.864349233869454
W10004_0814/PHZ51,65.48375269034085
W10004_0815/PHK76,62.59849392573289
W10004_0815/PHP02,60.64821234284414
W10004_0815/PHZ51,65.02192502237095
W10004_0818/PHK76,63.729359181985366
W10004_0818/PHP02,61.566399874180156
W10004_0818/PHZ51,65.04781963733156
W10004_0819/PHK76,62.39475548670466
W10004_0819/PHP02,61.4732639807725
W10004_0819/PHZ51,64.3720032976549
W10004_0820/PHK76,62.52529513167707
W10004_0820/PHP02,62.05456859506454
W10004_0820/PHZ51,64.07728601372374
W10004_0822/PHK76,62.753000281832975
W10004_0822/PHP02,62.35266825099092
W10004_0822/PHZ51,64.70607935041264
W10004_0823/PHK76,62.29855905881884
W10004_0823/PHP02,60.842721772533416
W10004_0823/PHZ51,64.40848245262454
W10004_0826/PHK76,62.443963447887846
W10004_0826/PHP02,61.62763998079432
W10004_0826/PHZ51,64.76201370326011
W10004_0827/PHK76,62.888931495313436
W10004_0827/PHP02,60.96268535346739
W10004_0827/PHZ51,64.21147864983935
W10004_0828/PHK76,63.41325427756067
W10004_0828/PHP02,62.585693551154925
W10004_0828/PHZ51,65.51104655518864
W10004_0830/PHK76,63.030033586055616
W10004_0830/PHP02,62.477351059805095
W10004_0830/PHZ51,64.60607296283553
W10004_0832/PHK76,61.134696292784426
W10004_0832/PHP02,59.939729265877325
W10004_0832/PHZ51,64.28758394853735
W10004_0833/PHK76,63.40636583699701
W10004_0833/PHP02,62.27192409243379
W10004_0833/PHZ51,65.1626736942699
W10004_0834/PHK76,62.84929591531927
W10004_0834/PHP02,61.51804132028276
W10004_0834/PHZ51,64.49316189046328
W10004_0836/PHK76,63.33162216141025
W10004_0836/PHP02,61.26593130871471
W10004_0836/PHZ51,65.12552485314718
W10004_0837/PHK76,61.30525650506918
W10004_0837/PHP02,60.30451527794645
W10004_0837/PHZ51,63.302693687595536
W10004_0840/PHK76,62.005224251526975
W10004_0840/PHP02,60.6359848761143
W10004_0840/PHZ51,63.124967142612306
W10004_0842/PHK76,61.94035585132285
W10004_0842/PHP02,61.87740828123814
W10004_0842/PHZ51,64.0256634279252
W10004_0843/PHK76,62.07276626762491
W10004_0843/PHP02,60.81809166104051
W10004_0843/PHZ51,64.3844426515815
W10004_0844/PHK76,60.4042854955986
W10004_0844/PHP02,59.48115056979865
W10004_0844/PHZ51,63.00826730655503
W10004_0847/PHK76,62.59595903598639
W10004_0847/PHP02,62.74220969821498
W10004_0847/PHZ51,64.61805022529758
W10004_0848/PHK76,63.52368918465618
W10004_0848/PHP02,60.51967879768637
W10004_0848/PHZ51,65.4917028901139
W10004_0851/PHK76,62.68067779259562
W10004_0851/PHP02,62.00728640294341
W10004_0851/PHZ51,63.73045024696055
W10004_0852/PHK76,62.335132142736
W10004_0852/PHP02,60.46509878254342
W10004_0852/PHZ51,63.33622526170582
W10004_0856/PHK76,61.059706633444996
W10004_0856/PHP02,59.40871367806416
W10004_0856/PHZ51,62.749183853166436
W10004_0858/PHK76,63.06357505620962
W10004_0858/PHP02,62.30384515613644
W10004_0858/PHZ51,64.57082954924657
W10004_0859/PHK76,62.431090205568246
W10004_0859/PHP02,60.7985592368797
W10004_0859/PHZ51,64.99459930614378
W10004_0866/PHK76,64.05996031640089
W10004_0866/PHP02,61.75323244885842
W10004_0866/PHZ51,65.13183808144314
W10004_0868/PHK76,62.48272506227383
W10004_0868/PHP02,61.31286371958188
W10004_0868/PHZ51,64.58720626223754
W10004_0869/PHK76,61.58824396314823
W10004_0869/PHP02,61.134594774625995
W10004_0869/PHZ51,64.28405916530842
W10004_0876/PHK76,62.42484574208009
W10004_0876/PHP02,61.08423348301071
W10004_0876/PHZ51,65.01130236141599
W10004_0877/PHK76,62.995843190701834
W10004_0877/PHP02,61.174500507452166
W10004_0877/PHZ51,63.63850477529771
W10004_0879/PHK76,61.9139218804303
W10004_0879/PHP02,59.98230756269656
W10004_0879/PHZ51,63.3909492460924
W10004_0884/PHK76,61.14635470479534
W10004_0884/PHP02,60.3618418110512
W10004_0884/PHZ51,64.05967068938342
W10004_0885/PHK76,62.77848926407423
W10004_0885/PHP02,61.16881191942479
W10004_0885/PHZ51,64.91869730795591
W10004_0886/PHK76,62.38551669242571
W10004_0886/PHP02,61.90414911535684
W10004_0886/PHZ51,64.10245464114175
W10004_0888/PHK76,62.212889792580164
W10004_0888/PHP02,60.04747392626574
W10004_0888/PHZ51,63.44212644458905
W10004_0889/PHK76,61.54228391357531
W10004_0889/PHP02,58.923404793283666
W10004_0889/PHZ51,62.87180380546875
W10004_0891/PHK76,63.80873425234431
W10004_0891/PHP02,62.02391883794081
W10004_0891/PHZ51,65.3358980584483
W10004_0892/PHK76,63.48798590498945
W10004_0892/PHP02,60.62180999308055
W10004_0892/PHZ51,64.19643336049855
W10004_0894/PHK76,62.25817907541342
W10004_0894/PHP02,61.39394434635385
W10004_0894/PHZ51,64.92173462899261
W10004_0896/PHK76,63.25702432707523
W10004_0896/PHP02,62.72759731325609
W10004_0896/PHZ51,65.31146552337816
W10004_0897/PHK76,63.15411534785958
W10004_0897/PHZ51,62.8570847884473
W10004_0900/PHK76,61.38350065372266
W10004_0900/PHP02,60.93306649322957
W10004_0900/PHZ51,64.54608337260505
W10004_0901/PHK76,61.67828553371243
W10004_0901/PHP02,60.63081724555099
W10004_0901/PHZ51,63.33814478210823
W10004_0907/PHK76,63.05291929817085
W10004_0907/PHP02,61.631170237568135
W10004_0907/PHZ51,65.03363632544503
W10004_0913/PHK76,63.68514105643246
W10004_0913/PHP02,61.75175328006742
W10004_0913/PHZ51,64.44204297955658
W10004_0914/PHK76,63.99855097196352
W10004_0914/PHP02,63.552669089343155
W10004_0914/PHZ51,65.38219935926168
W10004_0916/PHK76,62.28252610192899
W10004_0916/PHP02,61.7098045052979
W10004_0916/PHZ51,65.13092658581994
W10004_0918/PHK76,63.13636913109065
W10004_0918/PHP02,60.88955826902123
W10004_0918/PHZ51,64.77942408875668
W10004_0920/PHK76,61.935448155596546
W10004_0920/PHP02,61.08204981834273
W10004_0920/PHZ51,63.41012655158223
W10004_0922/PHK76,61.44500069248252
W10004_0922/PHP02,59.98912578425157
W10004_0922/PHZ51,63.94580870707921
W10004_0928/PHK76,62.518868479770944
W10004_0928/PHP02,61.622919740415504
W10004_0928/PHZ51,64.83514960807042
W10004_0930/PHK76,61.86908113130744
W10004_0930/PHP02,60.976158746633374
W10004_0930/PHZ51,63.38715127287098
W10004_0932/PHK76,62.745250434203726
W10004_0932/PHP02,61.83717209981243
W10004_0932/PHZ51,64.9970741659178
W10004_0935/PHK76,60.64418467962497
W10004_0935/PHP02,59.454928531959816
W10004_0935/PHZ51,63.240589912702845
W10004_0938/PHK76,62.23122151597117
W10004_0938/PHP02,61.852157312146126
W10004_0938/PHZ51,62.769858607184
W10004_0940/PHK76,64.04048521847716
W10004_0940/PHP02,61.53689976428015
W10004_0940/PHZ51,65.04608337260505
W10004_0943/PHK76,63.2299979772729
W10004_0943/PHP02,62.42755310601609
W10004_0943/PHZ51,64.46241644653428
W10004_0949/PHK76,62.942471315723644
W10004_0949/PHP02,61.39723977022117
W10004_0949/PHZ51,64.80721311396701
W10004_0950/PHK76,60.93742879272061
W10004_0950/PHP02,60.80204113422135
W10004_0950/PHZ51,63.43088316525629
W10004_0951/PHK76,61.970983942101945
W10004_0951/PHP02,60.69829217244081
W10004_0951/PHZ51,63.6173169019313
W10004_0953/PHK76,62.26075920462349
W10004_0953/PHP02,60.965302126474974
W10004_0953/PHZ51,63.673065050771406
W10004_0955/PHK76,63.0209165301523
W10004_0955/PHP02,61.27019755389071
W10004_0955/PHZ51,63.865361087618766
W10004_0956/PHK76,62.97722756506633
W10004_0956/PHP02,62.419643119298094
W10004_0956/PHZ51,65.23918953673459
W10004_0963/PHK76,63.25602362095491
W10004_0963/PHP02,61.399209670953276
W10004_0963/PHZ51,65.18851009722701
W10004_0964/PHK76,61.86019593781015
W10004_0964/PHP02,60.98191348448922
W10004_0964/PHZ51,63.171759626276994
W10004_0965/PHK76,62.08498763449823
W10004_0965/PHP02,61.561608765137834
W10004_0965/PHZ51,63.98566118804453
W10004_0966/PHK76,63.2989998552537
W10004_0966/PHP02,61.97000316772862
W10004_0966/PHZ51,64.51671202919954
W10004_0969/PHK76,62.16495549474358
W10004_0969/PHP02,60.491150735867905
W10004_0969/PHZ51,63.8283827203488
W10004_0970/PHK76,63.38045857531721
W10004_0970/PHP02,61.45394898816308
W10004_0970/PHZ51,65.49401940869788
W10004_0971/PHK76,62.404774985012956
W10004_0971/PHP02,61.22251758102167
W10004_0971/PHZ51,63.82287643555835
W10004_0974/PHK76,63.70467892482731
W10004_0974/PHP02,60.46855370771372
W10004_0974/PHZ51,64.96968554484695
W10004_0975/PHK76,62.55508228001341
W10004_0975/PHP02,62.484789346809464
W10004_0975/PHZ51,64.11632215701584
W10004_0981/PHK76,62.903651343678696
W10004_0981/PHP02,62.169943637239015
W10004_0981/PHZ51,64.81461384121592
W10004_0982/PHK76,62.32121025510666
W10004_0982/PHP02,62.072089098529986
W10004_0982/PHZ51,64.69034118717478
W10004_0984/PHK76,62.70397207058575
W10004_0984/PHP02,60.567446758930885
W10004_0984/PHZ51,64.5582515622877
W10004_0988/PHK76,62.10359122083013
W10004_0988/PHP02,61.13342813218736
W10004_0988/PHZ51,64.30578894101895
W10004_0991/PHK76,62.01353005830368
W10004_0991/PHP02,60.09484823963774
W10004_0991/PHZ51,63.17278467148292
W10004_0996/PHK76,64.25727565966497
W10004_0996/PHP02,63.15898647266339
W10004_0996/PHZ51,65.427991860394755
W10004_0997/PHK76,60.15794219025682
W10004_0997/PHP02,60.16501868057422
W10004_0997/PHZ51,63.05277871707472
W10004_1000/PHK76,62.761662620371915
W10004_1000/PHP02,61.494985237698614
W10004_1000/PHZ51,64.27401973277064
W10004_1001/PHK76,60.15731711825071
W10004_1001/PHP02,59.24595760816392
W10004_1001/PHZ51,61.860427625050896
W10004_1002/PHK76,63.45010350056738
W10004_1002/PHP02,62.02821043601992
W10004_1002/PHZ51,64.71982091912517
W10004_1004/PHK76,60.995571807691626
W10004_1004/PHP02,59.23278168086743
W10004_1004/PHZ51,63.33568241570519
W10004_1007/PHK76,61.09027013427745
W10004_1007/PHP02,60.4415882696138
W10004_1007/PHZ51,63.73465256532278
W10004_1011/PHK76,63.24157935715518
W10004_1011/PHP02,60.97859028085054
W10004_1011/PHZ51,64.75714240714906
W10004_1014/PHK76,63.298559058818846
W10004_1014/PHP02,62.71863659012271
W10004_1014/PHZ51,65.80332675338603
W10004_1015/PHK76,62.51445775970931
W10004_1015/PHP02,61.514100566292626
W10004_1015/PHZ51,64.51968893862502
W10004_1018/PHK76,62.04123771134122
W10004_1018/PHP02,61.13756055919307
W10004_1018/PHZ51,64.39167871059176
W10004_1020/PHK76,61.18286087337953
W10004_1020/PHP02,59.072147444960336
W10004_1020/PHZ51,62.548622272014505
W10004_1032/PHK76,61.829808656359695
W10004_1032/PHP02,60.286234762695415
W10004_1032/PHZ51,64.70605504139276
W10004_1037/PHK76,62.58095777986117
W10004_1037/PHP02,60.63319584867345
W10004_1037/PHZ51,64.55695797777736
W10004_1045/PHK76,63.68606669194982
W10004_1045/PHP02,62.35531017816158
W10004_1045/PHZ51,64.87986894418242
W10004_1052/PHK76,62.17406982053523
W10004_1052/PHP02,61.80010735847013
W10004_1052/PHZ51,63.72758818779836
W10004_1057/PHK76,61.872821990060906
W10004_1057/PHP02,61.09358442101596
W10004_1057/PHZ51,63.86675969793426
W10004_1063/PHK76,62.320052034233456
W10004_1063/PHP02,62.79776932949754
W10004_1063/PHZ51,65.16548127862022
W10004_1064/PHK76,62.650993239220604
W10004_1064/PHP02,61.94867502507722
W10004_1064/PHZ51,64.0486858377061
W10004_1072/PHK76,62.67315783124597
W10004_1072/PHP02,61.48998220095213
W10004_1072/PHZ51,63.42527746949201
W10004_1080/PHK76,62.965524420350064
W10004_1080/PHP02,61.38444980217061
W10004_1080/PHZ51,64.8372007384671
W10004_1081/PHK76,62.1421256277106
W10004_1081/PHP02,59.97157388982166
W10004_1081/PHZ51,63.625580831553805
W10004_1084/PHK76,62.706725034188985
W10004_1084/PHP02,60.44867279727431
W10004_1084/PHZ51,64.24366921167277
W10004_1099/PHK76,61.748288828076916
W10004_1099/PHP02,59.92360191576489
W10004_1099/PHZ51,63.717565426225534
W10004_1104/PHK76,62.48320350456129
W10004_1104/PHP02,61.695710745895994
W10004_1104/PHZ51,64.53486498928869
W10004_1105/PHK76,61.497019985269475
W10004_1105/PHP02,60.13307478113646
W10004_1105/PHZ51,63.79678876354654
W10004_1112/PHK76,62.19831259118771
W10004_1112/PHP02,60.80654131066402
W10004_1112/PHZ51,64.54838019390604
W10004_1117/PHK76,62.33268758912817
W10004_1117/PHP02,61.55504756566092
W10004_1117/PHZ51,64.57958872684245
W10004_1118/PHK76,63.30431727543528
W10004_1118/PHP02,62.182677841697675
W10004_1118/PHZ51,64.57219309855917
W10004_1123/PHK76,62.11745743834465
W10004_1123/PHP02,61.244911405154255
W10004_1123/PHZ51,62.79893281404578
W10004_1140/PHK76,63.75267443288983
W10004_1140/PHP02,62.505659848092705
W10004_1140/PHZ51,65.60787770632962
W10004_1143/PHK76,63.64476827871208
W10004_1143/PHP02,61.53104142943041
W10004_1143/PHZ51,65.38526760926278
W10004_1146/PHK76,62.68708858673496
W10004_1146/PHP02,62.30420114749215
W10004_1146/PHZ51,64.64625699279736
W10004_1156/PHK76,61.66495549474359
W10004_1156/PHP02,59.95893372885309
W10004_1156/PHZ51,63.59642248555527
