SNP,Chromosome,Position
S1_1007742,1,1007742
S1_1020677,1,1020677
S1_2018002,1,2018002
S1_2275970,1,2275970
S1_2800964,1,2800964
S1_2811950,1,2811950
S1_2888631,1,2888631
S1_3023078,1,3023078
S1_3027593,1,3027593
S1_3113549,1,3113549
S1_3165324,1,3165324
S1_3224170,1,3224170
S1_3370337,1,3370337
S1_3371362,1,3371362
S1_4082864,1,4082864
S1_4083443,1,4083443
S1_4091412,1,4091412
S1_4860666,1,4860666
S1_5050985,1,5050985
S1_5051275,1,5051275
S1_5840281,1,5840281
S1_6247673,1,6247673
S1_6726074,1,6726074
S1_7019860,1,7019860
S1_8308877,1,8308877
S1_8424731,1,8424731
S1_8614659,1,8614659
S1_8614992,1,8614992
S1_9818592,1,9818592
S1_10680837,1,10680837
S1_10913935,1,10913935
S1_12066883,1,12066883
S1_13721542,1,13721542
S1_17043397,1,17043397
S1_17084072,1,17084072
S1_17880318,1,17880318
S1_19199917,1,19199917
S1_19533759,1,19533759
S1_19817258,1,19817258
S1_19954785,1,19954785
S1_21625862,1,21625862
S1_22816035,1,22816035
S1_22826147,1,22826147
S1_24749523,1,24749523
S1_24898795,1,24898795
S1_25897362,1,25897362
S1_25904060,1,25904060
S1_25937934,1,25937934
S1_26652199,1,26652199
S1_27721183,1,27721183
S1_27978807,1,27978807
S1_28862889,1,28862889
S1_28901698,1,28901698
S1_28901862,1,28901862
S1_29134257,1,29134257
S1_29231650,1,29231650
S1_29231833,1,29231833
S1_29238866,1,29238866
S1_31207798,1,31207798
S1_36920546,1,36920546
S1_38158762,1,38158762
S1_38176608,1,38176608
S1_39740428,1,39740428
S1_39838119,1,39838119
S1_42912973,1,42912973
S1_42953805,1,42953805
S1_42966940,1,42966940
S1_42979644,1,42979644
S1_44793022,1,44793022
S1_45597675,1,45597675
S1_49461817,1,49461817
S1_49469580,1,49469580
S1_49580955,1,49580955
S1_49594425,1,49594425
S1_49649087,1,49649087
S1_49651854,1,49651854
S1_49651956,1,49651956
S1_50588263,1,50588263
S1_50607304,1,50607304
S1_51051541,1,51051541
S1_52103257,1,52103257
S1_53696912,1,53696912
S1_54271779,1,54271779
S1_54626740,1,54626740
S1_54626750,1,54626750
S1_54817368,1,54817368
S1_55004474,1,55004474
S1_55146349,1,55146349
S1_55541386,1,55541386
S1_61260951,1,61260951
S1_61754639,1,61754639
S1_61799908,1,61799908
S1_63022674,1,63022674
S1_63293951,1,63293951
S1_64145901,1,64145901
S1_65380919,1,65380919
S1_67232203,1,67232203
S1_67655530,1,67655530
S1_67930774,1,67930774
S1_67930852,1,67930852
S1_68588019,1,68588019
S1_69884958,1,69884958
S1_70237562,1,70237562
S1_70237837,1,70237837
S1_70787556,1,70787556
S1_71083982,1,71083982
S1_72143952,1,72143952
S1_72143965,1,72143965
S1_74028862,1,74028862
S1_76061725,1,76061725
S1_79764069,1,79764069
S1_79974668,1,79974668
S1_81902385,1,81902385
S1_82376170,1,82376170
S1_82824904,1,82824904
S1_83001157,1,83001157
S1_84350697,1,84350697
S1_85241654,1,85241654
S1_85242735,1,85242735
S1_90306830,1,90306830
S1_98537890,1,98537890
S1_99764648,1,99764648
S1_104266693,1,104266693
S1_112531942,1,112531942
S1_154626318,1,154626318
S1_160143536,1,160143536
S1_168376973,1,168376973
S1_171255509,1,171255509
S1_174893075,1,174893075
S1_175592912,1,175592912
S1_177307583,1,177307583
S1_177307602,1,177307602
S1_177392527,1,177392527
S1_177392973,1,177392973
S1_184392265,1,184392265
S1_186695297,1,186695297
S1_188811188,1,188811188
S1_188811510,1,188811510
S1_192214923,1,192214923
S1_193302766,1,193302766
S1_193403593,1,193403593
S1_194747821,1,194747821
S1_194883376,1,194883376
S1_194883734,1,194883734
S1_195755225,1,195755225
S1_195765736,1,195765736
S1_197658534,1,197658534
S1_199031309,1,199031309
S1_203690794,1,203690794
S1_205867610,1,205867610
S1_206556648,1,206556648
S1_210194624,1,210194624
S1_213603082,1,213603082
S1_216085070,1,216085070
S1_216441690,1,216441690
S1_217340021,1,217340021
S1_218784296,1,218784296
S1_220931854,1,220931854
S1_221188116,1,221188116
S1_222074998,1,222074998
S1_222145931,1,222145931
S1_224504536,1,224504536
S1_224955996,1,224955996
S1_225214186,1,225214186
S1_226580848,1,226580848
S1_227214041,1,227214041
S1_227836197,1,227836197
S1_228067077,1,228067077
S1_228777111,1,228777111
S1_229362381,1,229362381
S1_229614348,1,229614348
S1_229624647,1,229624647
S1_231144006,1,231144006
S1_231670600,1,231670600
S1_234071369,1,234071369
S1_237980181,1,237980181
S1_239778934,1,239778934
S1_239779108,1,239779108
S1_239974458,1,239974458
S1_240319705,1,240319705
S1_245927550,1,245927550
S1_246327000,1,246327000
S1_246528913,1,246528913
S1_246930727,1,246930727
S1_250252471,1,250252471
S1_250258514,1,250258514
S1_250313669,1,250313669
S1_251426821,1,251426821
S1_252128005,1,252128005
S1_252189312,1,252189312
S1_254268145,1,254268145
S1_254730123,1,254730123
S1_254731990,1,254731990
S1_254732450,1,254732450
S1_254738006,1,254738006
S1_254980069,1,254980069
S1_255339302,1,255339302
S1_255352181,1,255352181
S1_257312468,1,257312468
S1_258510992,1,258510992
S1_259134135,1,259134135
S1_259401874,1,259401874
S1_260544980,1,260544980
S1_261456944,1,261456944
S1_261563363,1,261563363
S1_261565696,1,261565696
S1_262832685,1,262832685
S1_262984673,1,262984673
S1_263089262,1,263089262
S1_263089768,1,263089768
S1_263869417,1,263869417
S1_264032977,1,264032977
S1_264033204,1,264033204
S1_268833938,1,268833938
S1_269114894,1,269114894
S1_273735827,1,273735827
S1_274475634,1,274475634
S1_275604002,1,275604002
S1_275722303,1,275722303
S1_275837252,1,275837252
S1_275887092,1,275887092
S1_277707178,1,277707178
S1_278757478,1,278757478
S1_278982963,1,278982963
S1_281052067,1,281052067
S1_281681637,1,281681637
S1_281860320,1,281860320
S1_281860733,1,281860733
S1_281904515,1,281904515
S1_282025244,1,282025244
S1_282332826,1,282332826
S1_282429723,1,282429723
S1_282430143,1,282430143
S1_282641564,1,282641564
S1_282866022,1,282866022
S1_282961510,1,282961510
S1_283696325,1,283696325
S1_284567398,1,284567398
S1_284775241,1,284775241
S1_284776735,1,284776735
S1_284862230,1,284862230
S1_284896531,1,284896531
S1_285109719,1,285109719
S1_285256763,1,285256763
S1_287013302,1,287013302
S1_287112427,1,287112427
S1_287158098,1,287158098
S1_287767988,1,287767988
S1_287896811,1,287896811
S1_287897109,1,287897109
S1_287955406,1,287955406
S1_287995733,1,287995733
S1_288426011,1,288426011
S1_288426392,1,288426392
S1_289282560,1,289282560
S1_289484026,1,289484026
S1_289558741,1,289558741
S1_289561097,1,289561097
S1_290780255,1,290780255
S1_291863254,1,291863254
S1_291904261,1,291904261
S1_291936844,1,291936844
S1_292131439,1,292131439
S1_292188211,1,292188211
S1_292189290,1,292189290
S1_292559475,1,292559475
S1_292607286,1,292607286
S1_293322158,1,293322158
S1_293666348,1,293666348
S1_295606882,1,295606882
S1_295655169,1,295655169
S1_295655425,1,295655425
S1_295841168,1,295841168
S1_295842024,1,295842024
S1_295847759,1,295847759
S1_296263882,1,296263882
S1_297129406,1,297129406
S1_297155444,1,297155444
S1_297299124,1,297299124
S1_297835206,1,297835206
S1_298732606,1,298732606
S1_299366946,1,299366946
S1_300685135,1,300685135
S1_300695527,1,300695527
S1_300813218,1,300813218
S1_301040186,1,301040186
S1_301110783,1,301110783
S1_301963810,1,301963810
S1_301963849,1,301963849
S1_302074583,1,302074583
S1_302268166,1,302268166
S1_302268806,1,302268806
S1_302390178,1,302390178
S1_302444783,1,302444783
S1_302949773,1,302949773
S1_302964739,1,302964739
S1_302969587,1,302969587
S1_303116466,1,303116466
S1_303133452,1,303133452
S1_303135603,1,303135603
S1_303597643,1,303597643
S1_303600537,1,303600537
S1_303814543,1,303814543
S1_303825999,1,303825999
S1_303832934,1,303832934
S1_303847256,1,303847256
S1_304921234,1,304921234
S1_304923212,1,304923212
S1_305086630,1,305086630
S1_305453976,1,305453976
S1_305526698,1,305526698
S1_306125534,1,306125534
S1_306272682,1,306272682
S1_306412211,1,306412211
S1_307484303,1,307484303
S2_1031301,2,1031301
S2_1186838,2,1186838
S2_1703653,2,1703653
S2_1817244,2,1817244
S2_1817603,2,1817603
S2_1817934,2,1817934
S2_1836809,2,1836809
S2_2386652,2,2386652
S2_2532588,2,2532588
S2_2627244,2,2627244
S2_2627262,2,2627262
S2_2627324,2,2627324
S2_2631480,2,2631480
S2_2926780,2,2926780
S2_3382610,2,3382610
S2_4269020,2,4269020
S2_4413966,2,4413966
S2_4542405,2,4542405
S2_4588881,2,4588881
S2_4589048,2,4589048
S2_5456337,2,5456337
S2_6240783,2,6240783
S2_6242936,2,6242936
S2_6256948,2,6256948
S2_6265132,2,6265132
S2_7036759,2,7036759
S2_7378367,2,7378367
S2_7378516,2,7378516
S2_7563816,2,7563816
S2_7873874,2,7873874
S2_8726771,2,8726771
S2_9227661,2,9227661
S2_9327647,2,9327647
S2_9358059,2,9358059
S2_9442286,2,9442286
S2_10412192,2,10412192
S2_10418334,2,10418334
S2_10607019,2,10607019
S2_10607249,2,10607249
S2_10777567,2,10777567
S2_11877524,2,11877524
S2_12181925,2,12181925
S2_12448967,2,12448967
S2_12512623,2,12512623
S2_12539331,2,12539331
S2_12857644,2,12857644
S2_13163519,2,13163519
S2_13838433,2,13838433
S2_14262838,2,14262838
S2_14263620,2,14263620
S2_14334805,2,14334805
S2_15000603,2,15000603
S2_15153785,2,15153785
S2_15463005,2,15463005
S2_16203011,2,16203011
S2_16521276,2,16521276
S2_16864137,2,16864137
S2_16915464,2,16915464
S2_16970778,2,16970778
S2_16989115,2,16989115
S2_16989298,2,16989298
S2_18901095,2,18901095
S2_19041249,2,19041249
S2_19420024,2,19420024
S2_19420945,2,19420945
S2_20573368,2,20573368
S2_21862521,2,21862521
S2_21863424,2,21863424
S2_23121387,2,23121387
S2_23345860,2,23345860
S2_24208693,2,24208693
S2_24394755,2,24394755
S2_24396833,2,24396833
S2_24840757,2,24840757
S2_24985120,2,24985120
S2_25700144,2,25700144
S2_28997989,2,28997989
S2_31910227,2,31910227
S2_33151923,2,33151923
S2_34908344,2,34908344
S2_36016162,2,36016162
S2_38098248,2,38098248
S2_39673401,2,39673401
S2_41252709,2,41252709
S2_41252814,2,41252814
S2_41698654,2,41698654
S2_41789172,2,41789172
S2_42149885,2,42149885
S2_44236866,2,44236866
S2_44764987,2,44764987
S2_44995641,2,44995641
S2_46237998,2,46237998
S2_48798382,2,48798382
S2_48798392,2,48798392
S2_48924032,2,48924032
S2_60778442,2,60778442
S2_62113765,2,62113765
S2_67297640,2,67297640
S2_72016500,2,72016500
S2_73631324,2,73631324
S2_74218926,2,74218926
S2_82880191,2,82880191
S2_88775207,2,88775207
S2_93026118,2,93026118
S2_104739030,2,104739030
S2_114366475,2,114366475
S2_115955959,2,115955959
S2_117129501,2,117129501
S2_117153121,2,117153121
S2_117944462,2,117944462
S2_124790414,2,124790414
S2_132258688,2,132258688
S2_132258727,2,132258727
S2_132660876,2,132660876
S2_136136229,2,136136229
S2_138368017,2,138368017
S2_140636955,2,140636955
S2_140637074,2,140637074
S2_144238392,2,144238392
S2_144711138,2,144711138
S2_148340343,2,148340343
S2_149286050,2,149286050
S2_149286155,2,149286155
S2_150333739,2,150333739
S2_150333856,2,150333856
S2_150358319,2,150358319
S2_150740548,2,150740548
S2_151392770,2,151392770
S2_151627004,2,151627004
S2_151666689,2,151666689
S2_154372022,2,154372022
S2_155999724,2,155999724
S2_157711561,2,157711561
S2_158507139,2,158507139
S2_161226600,2,161226600
S2_161539433,2,161539433
S2_162066636,2,162066636
S2_162271385,2,162271385
S2_162875198,2,162875198
S2_162911496,2,162911496
S2_167022852,2,167022852
S2_169534289,2,169534289
S2_173429896,2,173429896
S2_173444037,2,173444037
S2_175277302,2,175277302
S2_178994407,2,178994407
S2_179127811,2,179127811
S2_181424418,2,181424418
S2_181739483,2,181739483
S2_181739622,2,181739622
S2_184952096,2,184952096
S2_187290798,2,187290798
S2_187653788,2,187653788
S2_188429757,2,188429757
S2_189040174,2,189040174
S2_189040821,2,189040821
S2_189167046,2,189167046
S2_189169925,2,189169925
S2_189195850,2,189195850
S2_189818418,2,189818418
S2_189823400,2,189823400
S2_189882931,2,189882931
S2_190430367,2,190430367
S2_190713004,2,190713004
S2_191468717,2,191468717
S2_192530227,2,192530227
S2_192850486,2,192850486
S2_192974313,2,192974313
S2_193261776,2,193261776
S2_193792543,2,193792543
S2_193792893,2,193792893
S2_193989230,2,193989230
S2_193991522,2,193991522
S2_194547427,2,194547427
S2_194547942,2,194547942
S2_195406855,2,195406855
S2_195408641,2,195408641
S2_196878904,2,196878904
S2_197247863,2,197247863
S2_197758561,2,197758561
S2_197761141,2,197761141
S2_197962563,2,197962563
S2_198556024,2,198556024
S2_199239268,2,199239268
S2_199610100,2,199610100
S2_199704028,2,199704028
S2_199704388,2,199704388
S2_200229025,2,200229025
S2_200233111,2,200233111
S2_200234031,2,200234031
S2_201010696,2,201010696
S2_201011054,2,201011054
S2_201094706,2,201094706
S2_201094903,2,201094903
S2_201513815,2,201513815
S2_202173051,2,202173051
S2_202955424,2,202955424
S2_204383795,2,204383795
S2_205022921,2,205022921
S2_205022931,2,205022931
S2_205202588,2,205202588
S2_205275866,2,205275866
S2_205276152,2,205276152
S2_205556555,2,205556555
S2_205777757,2,205777757
S2_206300482,2,206300482
S2_208410219,2,208410219
S2_208820696,2,208820696
S2_208945675,2,208945675
S2_208958619,2,208958619
S2_209289593,2,209289593
S2_209561904,2,209561904
S2_209877341,2,209877341
S2_210221330,2,210221330
S2_210745995,2,210745995
S2_211713899,2,211713899
S2_212609997,2,212609997
S2_212614021,2,212614021
S2_212883158,2,212883158
S2_213741185,2,213741185
S2_214011697,2,214011697
S2_214128791,2,214128791
S2_214213682,2,214213682
S2_214779597,2,214779597
S2_215426572,2,215426572
S2_215945846,2,215945846
S2_216030260,2,216030260
S2_216743479,2,216743479
S2_216746125,2,216746125
S2_216746460,2,216746460
S2_217264737,2,217264737
S2_218076984,2,218076984
S2_218077581,2,218077581
S2_218077607,2,218077607
S2_219318723,2,219318723
S2_219337032,2,219337032
S2_219587333,2,219587333
S2_219942280,2,219942280
S2_220581154,2,220581154
S2_220815115,2,220815115
S2_220863128,2,220863128
S2_220944251,2,220944251
S2_221273186,2,221273186
S2_221287133,2,221287133
S2_221293612,2,221293612
S2_221735220,2,221735220
S2_221757449,2,221757449
S2_221828300,2,221828300
S2_222214859,2,222214859
S2_222281423,2,222281423
S2_222315237,2,222315237
S2_222352200,2,222352200
S2_222357904,2,222357904
S2_222453733,2,222453733
S2_223422873,2,223422873
S2_223803009,2,223803009
S2_223853736,2,223853736
S2_225504421,2,225504421
S2_225583999,2,225583999
S2_225584015,2,225584015
S2_225986204,2,225986204
S2_226671459,2,226671459
S2_227288798,2,227288798
S2_229264398,2,229264398
S2_229349944,2,229349944
S2_229831056,2,229831056
S2_229851299,2,229851299
S2_230526838,2,230526838
S2_231108120,2,231108120
S2_231258079,2,231258079
S2_231435378,2,231435378
S2_231538085,2,231538085
S2_231794636,2,231794636
S2_232799291,2,232799291
S2_234480138,2,234480138
S2_234490837,2,234490837
S2_234510183,2,234510183
S2_234525669,2,234525669
S2_234528459,2,234528459
S2_235755898,2,235755898
S2_235943712,2,235943712
S2_237260678,2,237260678
S2_238592722,2,238592722
S2_238830975,2,238830975
S2_240227739,2,240227739
S2_240249668,2,240249668
S3_1313242,3,1313242
S3_1400719,3,1400719
S3_1464877,3,1464877
S3_1662561,3,1662561
S3_2028219,3,2028219
S3_2239671,3,2239671
S3_2757687,3,2757687
S3_2763048,3,2763048
S3_2856966,3,2856966
S3_3362245,3,3362245
S3_3362837,3,3362837
S3_3364555,3,3364555
S3_3578856,3,3578856
S3_3613106,3,3613106
S3_3912752,3,3912752
S3_4260356,3,4260356
S3_4778638,3,4778638
S3_5615248,3,5615248
S3_5838013,3,5838013
S3_6251167,3,6251167
S3_6257096,3,6257096
S3_6470722,3,6470722
S3_6471653,3,6471653
S3_7328976,3,7328976
S3_8566472,3,8566472
S3_8769130,3,8769130
S3_8968031,3,8968031
S3_9234089,3,9234089
S3_10265327,3,10265327
S3_10673156,3,10673156
S3_11535801,3,11535801
S3_11540829,3,11540829
S3_11619271,3,11619271
S3_12144719,3,12144719
S3_12145701,3,12145701
S3_12145749,3,12145749
S3_13177399,3,13177399
S3_13434231,3,13434231
S3_13692521,3,13692521
S3_13723427,3,13723427
S3_14323479,3,14323479
S3_14333218,3,14333218
S3_14801890,3,14801890
S3_15210888,3,15210888
S3_17630503,3,17630503
S3_18198302,3,18198302
S3_19025992,3,19025992
S3_19293143,3,19293143
S3_19832283,3,19832283
S3_26051996,3,26051996
S3_32651258,3,32651258
S3_35993809,3,35993809
S3_44362768,3,44362768
S3_54376491,3,54376491
S3_54376775,3,54376775
S3_55537184,3,55537184
S3_56529376,3,56529376
S3_56999533,3,56999533
S3_56999784,3,56999784
S3_67441338,3,67441338
S3_67863836,3,67863836
S3_98255576,3,98255576
S3_102477733,3,102477733
S3_109881648,3,109881648
S3_122985736,3,122985736
S3_125219740,3,125219740
S3_125220748,3,125220748
S3_130552961,3,130552961
S3_130552982,3,130552982
S3_130938670,3,130938670
S3_134035633,3,134035633
S3_134442990,3,134442990
S3_135487037,3,135487037
S3_137533609,3,137533609
S3_139336936,3,139336936
S3_143115991,3,143115991
S3_143118496,3,143118496
S3_143318686,3,143318686
S3_149117323,3,149117323
S3_150637571,3,150637571
S3_150915949,3,150915949
S3_152233321,3,152233321
S3_152992674,3,152992674
S3_153463524,3,153463524
S3_155399439,3,155399439
S3_156001676,3,156001676
S3_156073129,3,156073129
S3_156226908,3,156226908
S3_156227261,3,156227261
S3_156228206,3,156228206
S3_156270994,3,156270994
S3_156277883,3,156277883
S3_156277910,3,156277910
S3_156763112,3,156763112
S3_156830645,3,156830645
S3_157123498,3,157123498
S3_158076754,3,158076754
S3_158250388,3,158250388
S3_159093153,3,159093153
S3_159200750,3,159200750
S3_159280382,3,159280382
S3_159658716,3,159658716
S3_159820975,3,159820975
S3_160747686,3,160747686
S3_161085854,3,161085854
S3_161093843,3,161093843
S3_162004498,3,162004498
S3_162591165,3,162591165
S3_162820425,3,162820425
S3_163752888,3,163752888
S3_163926792,3,163926792
S3_164144412,3,164144412
S3_169098185,3,169098185
S3_169116636,3,169116636
S3_169283751,3,169283751
S3_170391129,3,170391129
S3_171047975,3,171047975
S3_171049180,3,171049180
S3_171118467,3,171118467
S3_171380890,3,171380890
S3_171487117,3,171487117
S3_171698307,3,171698307
S3_172631601,3,172631601
S3_173080450,3,173080450
S3_173668335,3,173668335
S3_174251218,3,174251218
S3_175410413,3,175410413
S3_175410430,3,175410430
S3_175412822,3,175412822
S3_176077311,3,176077311
S3_177563221,3,177563221
S3_177690776,3,177690776
S3_177693438,3,177693438
S3_178168134,3,178168134
S3_178168227,3,178168227
S3_178405366,3,178405366
S3_179993119,3,179993119
S3_180300684,3,180300684
S3_180462077,3,180462077
S3_181084639,3,181084639
S3_181089329,3,181089329
S3_181403147,3,181403147
S3_181403809,3,181403809
S3_183585883,3,183585883
S3_184112463,3,184112463
S3_184696223,3,184696223
S3_185047472,3,185047472
S3_185689615,3,185689615
S3_187195001,3,187195001
S3_188497071,3,188497071
S3_188500699,3,188500699
S3_188500730,3,188500730
S3_188667827,3,188667827
S3_189196859,3,189196859
S3_192519364,3,192519364
S3_195626545,3,195626545
S3_196393427,3,196393427
S3_199144100,3,199144100
S3_200022599,3,200022599
S3_201034518,3,201034518
S3_201140023,3,201140023
S3_202899898,3,202899898
S3_204443484,3,204443484
S3_206340812,3,206340812
S3_207306147,3,207306147
S3_208260996,3,208260996
S3_209594607,3,209594607
S3_209609982,3,209609982
S3_209610170,3,209610170
S3_209669953,3,209669953
S3_209803612,3,209803612
S3_210833153,3,210833153
S3_210859046,3,210859046
S3_212068020,3,212068020
S3_213324844,3,213324844
S3_213618693,3,213618693
S3_214045535,3,214045535
S3_214188340,3,214188340
S3_214605122,3,214605122
S3_214725503,3,214725503
S3_215863528,3,215863528
S3_215949122,3,215949122
S3_217122021,3,217122021
S3_217124964,3,217124964
S3_218883017,3,218883017
S3_219791737,3,219791737
S3_220553933,3,220553933
S3_221113183,3,221113183
S3_221172195,3,221172195
S3_221485615,3,221485615
S3_221603754,3,221603754
S3_221603868,3,221603868
S3_221892178,3,221892178
S3_222666213,3,222666213
S3_222666340,3,222666340
S3_222668770,3,222668770
S3_222761948,3,222761948
S3_222882360,3,222882360
S3_223081473,3,223081473
S3_223081534,3,223081534
S3_223158468,3,223158468
S3_223221766,3,223221766
S4_1582526,4,1582526
S4_3684946,4,3684946
S4_4117851,4,4117851
S4_4421555,4,4421555
S4_4429338,4,4429338
S4_4868446,4,4868446
S4_5032583,4,5032583
S4_5038043,4,5038043
S4_5391059,4,5391059
S4_6215946,4,6215946
S4_6216277,4,6216277
S4_6256393,4,6256393
S4_6374168,4,6374168
S4_6382493,4,6382493
S4_6388262,4,6388262
S4_6397331,4,6397331
S4_7632233,4,7632233
S4_7634160,4,7634160
S4_7635295,4,7635295
S4_7967173,4,7967173
S4_8027896,4,8027896
S4_8316239,4,8316239
S4_8454252,4,8454252
S4_10696101,4,10696101
S4_10786694,4,10786694
S4_10904652,4,10904652
S4_11760644,4,11760644
S4_12766998,4,12766998
S4_13315712,4,13315712
S4_15666621,4,15666621
S4_15673073,4,15673073
S4_15975070,4,15975070
S4_16064424,4,16064424
S4_16194115,4,16194115
S4_16268360,4,16268360
S4_16652461,4,16652461
S4_16940584,4,16940584
S4_16944639,4,16944639
S4_17273302,4,17273302
S4_18076248,4,18076248
S4_18845218,4,18845218
S4_19113113,4,19113113
S4_19534877,4,19534877
S4_19535516,4,19535516
S4_19535656,4,19535656
S4_19556309,4,19556309
S4_19684514,4,19684514
S4_20268200,4,20268200
S4_20270571,4,20270571
S4_20274946,4,20274946
S4_20497213,4,20497213
S4_20598297,4,20598297
S4_21107980,4,21107980
S4_21650368,4,21650368
S4_21903148,4,21903148
S4_21908896,4,21908896
S4_23290605,4,23290605
S4_23361153,4,23361153
S4_23371382,4,23371382
S4_23915319,4,23915319
S4_23915745,4,23915745
S4_24237240,4,24237240
S4_24592534,4,24592534
S4_26899943,4,26899943
S4_26905846,4,26905846
S4_27987442,4,27987442
S4_28628470,4,28628470
S4_28770521,4,28770521
S4_28810964,4,28810964
S4_28837786,4,28837786
S4_30916257,4,30916257
S4_31060579,4,31060579
S4_32789730,4,32789730
S4_33024458,4,33024458
S4_33668810,4,33668810
S4_33993933,4,33993933
S4_34193017,4,34193017
S4_34194561,4,34194561
S4_35081018,4,35081018
S4_35081158,4,35081158
S4_35662011,4,35662011
S4_36249700,4,36249700
S4_37547893,4,37547893
S4_37548473,4,37548473
S4_38327201,4,38327201
S4_38330727,4,38330727
S4_38760190,4,38760190
S4_42420846,4,42420846
S4_43857521,4,43857521
S4_59942187,4,59942187
S4_65069576,4,65069576
S4_68476055,4,68476055
S4_68509682,4,68509682
S4_68989860,4,68989860
S4_73620368,4,73620368
S4_73992822,4,73992822
S4_78663165,4,78663165
S4_81325355,4,81325355
S4_81555504,4,81555504
S4_83555330,4,83555330
S4_86783804,4,86783804
S4_123692246,4,123692246
S4_127783045,4,127783045
S4_129510370,4,129510370
S4_130234780,4,130234780
S4_130979624,4,130979624
S4_131389825,4,131389825
S4_132644449,4,132644449
S4_132796082,4,132796082
S4_133572067,4,133572067
S4_134019236,4,134019236
S4_138959026,4,138959026
S4_147394691,4,147394691
S4_151119203,4,151119203
S4_151260095,4,151260095
S4_153136183,4,153136183
S4_153603804,4,153603804
S4_154508054,4,154508054
S4_157787690,4,157787690
S4_158893534,4,158893534
S4_159136751,4,159136751
S4_159826794,4,159826794
S4_162868828,4,162868828
S4_163363238,4,163363238
S4_166721935,4,166721935
S4_168922442,4,168922442
S4_168972787,4,168972787
S4_169358752,4,169358752
S4_170716007,4,170716007
S4_171079944,4,171079944
S4_171087001,4,171087001
S4_172278923,4,172278923
S4_172480572,4,172480572
S4_173206081,4,173206081
S4_173647564,4,173647564
S4_173812038,4,173812038
S4_174235497,4,174235497
S4_174661607,4,174661607
S4_174894581,4,174894581
S4_175587769,4,175587769
S4_175791704,4,175791704
S4_176115520,4,176115520
S4_176599341,4,176599341
S4_176927461,4,176927461
S4_177233411,4,177233411
S4_177342963,4,177342963
S4_177343094,4,177343094
S4_177902767,4,177902767
S4_178069434,4,178069434
S4_178384209,4,178384209
S4_178453956,4,178453956
S4_179370281,4,179370281
S4_179674671,4,179674671
S4_179674809,4,179674809
S4_180001616,4,180001616
S4_180637167,4,180637167
S4_180797642,4,180797642
S4_181091704,4,181091704
S4_181557315,4,181557315
S4_182099943,4,182099943
S4_182462132,4,182462132
S4_183484419,4,183484419
S4_183484517,4,183484517
S4_183587157,4,183587157
S4_183806901,4,183806901
S4_184739545,4,184739545
S4_185719827,4,185719827
S4_186630216,4,186630216
S4_187126058,4,187126058
S4_188075715,4,188075715
S4_191133446,4,191133446
S4_191603783,4,191603783
S4_192740039,4,192740039
S4_196697423,4,196697423
S4_201649912,4,201649912
S4_202964997,4,202964997
S4_211134934,4,211134934
S4_223755225,4,223755225
S4_228315634,4,228315634
S4_237052759,4,237052759
S4_238909618,4,238909618
S4_239877963,4,239877963
S4_241516810,4,241516810
S4_241704963,4,241704963
S4_241832875,4,241832875
S5_392571,5,392571
S5_846139,5,846139
S5_846889,5,846889
S5_959677,5,959677
S5_960877,5,960877
S5_973097,5,973097
S5_1064405,5,1064405
S5_1121641,5,1121641
S5_1223077,5,1223077
S5_1227922,5,1227922
S5_1403230,5,1403230
S5_1986447,5,1986447
S5_1993743,5,1993743
S5_2037046,5,2037046
S5_2037272,5,2037272
S5_2161838,5,2161838
S5_2253809,5,2253809
S5_2411621,5,2411621
S5_2577845,5,2577845
S5_2791798,5,2791798
S5_2791837,5,2791837
S5_2858836,5,2858836
S5_2858950,5,2858950
S5_2859808,5,2859808
S5_3657340,5,3657340
S5_4108173,5,4108173
S5_4229956,5,4229956
S5_4857380,5,4857380
S5_4884511,5,4884511
S5_5059451,5,5059451
S5_5557260,5,5557260
S5_5598442,5,5598442
S5_6368813,5,6368813
S5_6825026,5,6825026
S5_7117510,5,7117510
S5_7338807,5,7338807
S5_7701005,5,7701005
S5_8109491,5,8109491
S5_8249273,5,8249273
S5_8942275,5,8942275
S5_8975313,5,8975313
S5_9900858,5,9900858
S5_10519995,5,10519995
S5_10772137,5,10772137
S5_11998173,5,11998173
S5_12127492,5,12127492
S5_12815252,5,12815252
S5_12971603,5,12971603
S5_13702177,5,13702177
S5_14248069,5,14248069
S5_14562872,5,14562872
S5_15433436,5,15433436
S5_15441260,5,15441260
S5_15844564,5,15844564
S5_15897858,5,15897858
S5_15902604,5,15902604
S5_19069144,5,19069144
S5_19069731,5,19069731
S5_19212307,5,19212307
S5_19375485,5,19375485
S5_20386586,5,20386586
S5_20614224,5,20614224
S5_20841749,5,20841749
S5_21746992,5,21746992
S5_21801726,5,21801726
S5_22426333,5,22426333
S5_24821792,5,24821792
S5_24840547,5,24840547
S5_25947924,5,25947924
S5_27014949,5,27014949
S5_28912179,5,28912179
S5_30442792,5,30442792
S5_32090793,5,32090793
S5_32090944,5,32090944
S5_32349939,5,32349939
S5_33073331,5,33073331
S5_33843588,5,33843588
S5_34733643,5,34733643
S5_35208258,5,35208258
S5_35406000,5,35406000
S5_38654197,5,38654197
S5_39117682,5,39117682
S5_44150436,5,44150436
S5_44151397,5,44151397
S5_44367258,5,44367258
S5_51564787,5,51564787
S5_59732882,5,59732882
S5_59781924,5,59781924
S5_60413372,5,60413372
S5_61109380,5,61109380
S5_62982504,5,62982504
S5_64000675,5,64000675
S5_68824990,5,68824990
S5_69155559,5,69155559
S5_70403060,5,70403060
S5_70657343,5,70657343
S5_71282599,5,71282599
S5_72789465,5,72789465
S5_75244556,5,75244556
S5_76181153,5,76181153
S5_76690334,5,76690334
S5_76714903,5,76714903
S5_76809814,5,76809814
S5_76955635,5,76955635
S5_76956064,5,76956064
S5_78825105,5,78825105
S5_80470390,5,80470390
S5_83097599,5,83097599
S5_83740384,5,83740384
S5_83797523,5,83797523
S5_86821943,5,86821943
S5_88321071,5,88321071
S5_88323212,5,88323212
S5_88891444,5,88891444
S5_90103757,5,90103757
S5_91076876,5,91076876
S5_94466678,5,94466678
S5_95340368,5,95340368
S5_113637702,5,113637702
S5_134357391,5,134357391
S5_137215938,5,137215938
S5_137216759,5,137216759
S5_142853398,5,142853398
S5_145203522,5,145203522
S5_146713841,5,146713841
S5_146715057,5,146715057
S5_147071985,5,147071985
S5_147473771,5,147473771
S5_147887551,5,147887551
S5_153353332,5,153353332
S5_153353657,5,153353657
S5_154883835,5,154883835
S5_160754197,5,160754197
S5_162295166,5,162295166
S5_162523269,5,162523269
S5_162523281,5,162523281
S5_163943266,5,163943266
S5_166675806,5,166675806
S5_167631942,5,167631942
S5_167774618,5,167774618
S5_167948506,5,167948506
S5_169309847,5,169309847
S5_171099522,5,171099522
S5_171099708,5,171099708
S5_171558014,5,171558014
S5_174583061,5,174583061
S5_174744000,5,174744000
S5_174873345,5,174873345
S5_176356092,5,176356092
S5_176844776,5,176844776
S5_177183610,5,177183610
S5_177768562,5,177768562
S5_178745983,5,178745983
S5_178912346,5,178912346
S5_179642041,5,179642041
S5_179660715,5,179660715
S5_179922594,5,179922594
S5_179923101,5,179923101
S5_180189155,5,180189155
S5_180302078,5,180302078
S5_181964400,5,181964400
S5_184371294,5,184371294
S5_185612028,5,185612028
S5_185659742,5,185659742
S5_186306420,5,186306420
S5_187238296,5,187238296
S5_187240493,5,187240493
S5_187698419,5,187698419
S5_187875195,5,187875195
S5_188157823,5,188157823
S5_188213251,5,188213251
S5_189353511,5,189353511
S5_189363603,5,189363603
S5_190041360,5,190041360
S5_192686533,5,192686533
S5_192792986,5,192792986
S5_193315723,5,193315723
S5_194079700,5,194079700
S5_194827709,5,194827709
S5_195066772,5,195066772
S5_195079729,5,195079729
S5_195080529,5,195080529
S5_195296424,5,195296424
S5_196493942,5,196493942
S5_196495308,5,196495308
S5_196686417,5,196686417
S5_196688275,5,196688275
S5_196688753,5,196688753
S5_197833779,5,197833779
S5_198023231,5,198023231
S5_198353824,5,198353824
S5_198357291,5,198357291
S5_198497394,5,198497394
S5_198576650,5,198576650
S5_199103162,5,199103162
S5_203416587,5,203416587
S5_203425942,5,203425942
S5_204040867,5,204040867
S5_204040909,5,204040909
S5_204409553,5,204409553
S5_204693690,5,204693690
S5_205869673,5,205869673
S5_205950398,5,205950398
S5_206240787,5,206240787
S5_206652970,5,206652970
S5_206654542,5,206654542
S5_207186816,5,207186816
S5_207333354,5,207333354
S5_208492316,5,208492316
S5_209484843,5,209484843
S5_209506777,5,209506777
S5_209558738,5,209558738
S5_209751223,5,209751223
S5_210099034,5,210099034
S5_210871718,5,210871718
S5_211204931,5,211204931
S5_211205797,5,211205797
S5_211242216,5,211242216
S5_211285153,5,211285153
S5_211334892,5,211334892
S5_211698429,5,211698429
S5_211843513,5,211843513
S5_211962336,5,211962336
S5_212055655,5,212055655
S5_212070678,5,212070678
S5_212136026,5,212136026
S5_212255952,5,212255952
S5_212478679,5,212478679
S5_213003414,5,213003414
S5_213100773,5,213100773
S5_213137320,5,213137320
S5_213160675,5,213160675
S5_213166480,5,213166480
S5_213380060,5,213380060
S5_213565655,5,213565655
S5_213571586,5,213571586
S5_213596888,5,213596888
S5_213601432,5,213601432
S5_214150762,5,214150762
S5_214254801,5,214254801
S5_214295509,5,214295509
S5_215367055,5,215367055
S5_215367218,5,215367218
S5_216252803,5,216252803
S5_216397829,5,216397829
S5_216639488,5,216639488
S5_216679342,5,216679342
S5_216685919,5,216685919
S5_216902344,5,216902344
S5_217277409,5,217277409
S5_218069890,5,218069890
S5_218071486,5,218071486
S5_219302032,5,219302032
S5_219699961,5,219699961
S5_220362315,5,220362315
S5_220616742,5,220616742
S5_220625279,5,220625279
S5_220826505,5,220826505
S5_220992100,5,220992100
S5_221195461,5,221195461
S5_221698085,5,221698085
S5_221957658,5,221957658
S5_222467069,5,222467069
S5_222581144,5,222581144
S5_222820716,5,222820716
S5_223260186,5,223260186
S5_223260805,5,223260805
S5_223366133,5,223366133
S5_223426991,5,223426991
S5_223430784,5,223430784
S5_223430984,5,223430984
S5_223436095,5,223436095
S5_223645549,5,223645549
S5_223756239,5,223756239
S5_223875842,5,223875842
S5_223901174,5,223901174
S5_223904377,5,223904377
S5_223909423,5,223909423
S5_224226095,5,224226095
S5_224229262,5,224229262
S5_224633761,5,224633761
S5_225053113,5,225053113
S5_226029760,5,226029760
S6_7500192,6,7500192
S6_9172373,6,9172373
S6_10091180,6,10091180
S6_10091291,6,10091291
S6_10170336,6,10170336
S6_10178401,6,10178401
S6_10427934,6,10427934
S6_12017089,6,12017089
S6_14800910,6,14800910
S6_25976852,6,25976852
S6_30546465,6,30546465
S6_37966438,6,37966438
S6_51081241,6,51081241
S6_53667694,6,53667694
S6_64419294,6,64419294
S6_67037943,6,67037943
S6_67043112,6,67043112
S6_68175871,6,68175871
S6_71847299,6,71847299
S6_78216005,6,78216005
S6_80620806,6,80620806
S6_82541405,6,82541405
S6_84930110,6,84930110
S6_92919825,6,92919825
S6_94929182,6,94929182
S6_95582532,6,95582532
S6_96074538,6,96074538
S6_96712764,6,96712764
S6_98298987,6,98298987
S6_98395946,6,98395946
S6_98408157,6,98408157
S6_98417550,6,98417550
S6_100808400,6,100808400
S6_102701095,6,102701095
S6_102701334,6,102701334
S6_102804778,6,102804778
S6_104866390,6,104866390
S6_105780483,6,105780483
S6_105829977,6,105829977
S6_123007536,6,123007536
S6_123298007,6,123298007
S6_123492422,6,123492422
S6_124083395,6,124083395
S6_124872356,6,124872356
S6_127695370,6,127695370
S6_128029740,6,128029740
S6_128681003,6,128681003
S6_129038174,6,129038174
S6_129595629,6,129595629
S6_131992891,6,131992891
S6_132737943,6,132737943
S6_133175017,6,133175017
S6_134125062,6,134125062
S6_135417855,6,135417855
S6_138176820,6,138176820
S6_140908265,6,140908265
S6_144100101,6,144100101
S6_144106181,6,144106181
S6_144217241,6,144217241
S6_146437625,6,146437625
S6_146489271,6,146489271
S6_148015145,6,148015145
S6_149306116,6,149306116
S6_149716126,6,149716126
S6_152466118,6,152466118
S6_152993174,6,152993174
S6_153077139,6,153077139
S6_154271835,6,154271835
S6_155722319,6,155722319
S6_156209684,6,156209684
S6_156449605,6,156449605
S6_157086241,6,157086241
S6_157086536,6,157086536
S6_157897148,6,157897148
S6_157903398,6,157903398
S6_159085805,6,159085805
S6_159685403,6,159685403
S6_159819701,6,159819701
S6_159909388,6,159909388
S6_160972138,6,160972138
S6_161844021,6,161844021
S6_161930736,6,161930736
S6_162413998,6,162413998
S6_165082843,6,165082843
S6_165516068,6,165516068
S6_166226097,6,166226097
S6_166231942,6,166231942
S6_166923929,6,166923929
S6_167093376,6,167093376
S6_167992991,6,167992991
S6_169940741,6,169940741
S6_170389932,6,170389932
S6_170593838,6,170593838
S6_170637539,6,170637539
S6_171072688,6,171072688
S6_171076874,6,171076874
S6_171107203,6,171107203
S6_171107240,6,171107240
S6_171170326,6,171170326
S6_171210584,6,171210584
S6_171246978,6,171246978
S6_171331272,6,171331272
S6_171494788,6,171494788
S6_171825055,6,171825055
S6_171825719,6,171825719
S6_172111295,6,172111295
S6_172528568,6,172528568
S6_172699949,6,172699949
S6_173144508,6,173144508
S6_173220894,6,173220894
S6_173395982,6,173395982
S6_173844654,6,173844654
S6_173850038,6,173850038
S6_174063060,6,174063060
S6_174251053,6,174251053
S6_174425232,6,174425232
S6_174460388,6,174460388
S6_174463143,6,174463143
S6_174474123,6,174474123
S6_174546993,6,174546993
S6_174553511,6,174553511
S6_174554225,6,174554225
S6_174948850,6,174948850
S6_175017858,6,175017858
S6_175155013,6,175155013
S6_175614573,6,175614573
S6_176650245,6,176650245
S6_177006450,6,177006450
S6_177006463,6,177006463
S6_177541212,6,177541212
S6_178280648,6,178280648
S6_178499689,6,178499689
S6_179563522,6,179563522
S6_179646907,6,179646907
S6_179653649,6,179653649
S6_179990687,6,179990687
S6_179997361,6,179997361
S6_180646401,6,180646401
S7_844671,7,844671
S7_1056516,7,1056516
S7_1399948,7,1399948
S7_1623486,7,1623486
S7_1882039,7,1882039
S7_2222059,7,2222059
S7_3606609,7,3606609
S7_3781862,7,3781862
S7_4034926,7,4034926
S7_4131827,7,4131827
S7_4132053,7,4132053
S7_4185867,7,4185867
S7_4185885,7,4185885
S7_4185900,7,4185900
S7_4224614,7,4224614
S7_4704421,7,4704421
S7_4993741,7,4993741
S7_5294149,7,5294149
S7_5576737,7,5576737
S7_6008227,7,6008227
S7_7731242,7,7731242
S7_7742880,7,7742880
S7_8226814,7,8226814
S7_8236858,7,8236858
S7_8359766,7,8359766
S7_9076132,7,9076132
S7_9373969,7,9373969
S7_9378165,7,9378165
S7_10079492,7,10079492
S7_10810550,7,10810550
S7_11059965,7,11059965
S7_12026797,7,12026797
S7_13501881,7,13501881
S7_13581391,7,13581391
S7_13945703,7,13945703
S7_13961624,7,13961624
S7_13961812,7,13961812
S7_13961898,7,13961898
S7_14207155,7,14207155
S7_15392216,7,15392216
S7_18011608,7,18011608
S7_22883047,7,22883047
S7_27927295,7,27927295
S7_28946638,7,28946638
S7_31369870,7,31369870
S7_34053809,7,34053809
S7_34422171,7,34422171
S7_41473602,7,41473602
S7_42251847,7,42251847
S7_44311585,7,44311585
S7_45606995,7,45606995
S7_47593869,7,47593869
S7_52721525,7,52721525
S7_91010583,7,91010583
S7_95720534,7,95720534
S7_96947428,7,96947428
S7_101685008,7,101685008
S7_103794469,7,103794469
S7_107046839,7,107046839
S7_109732796,7,109732796
S7_110287645,7,110287645
S7_112726284,7,112726284
S7_114101603,7,114101603
S7_114102321,7,114102321
S7_114288977,7,114288977
S7_115394464,7,115394464
S7_115531617,7,115531617
S7_116276698,7,116276698
S7_116653725,7,116653725
S7_116780969,7,116780969
S7_117519628,7,117519628
S7_122387013,7,122387013
S7_122393459,7,122393459
S7_124279387,7,124279387
S7_125176636,7,125176636
S7_126118922,7,126118922
S7_126935343,7,126935343
S7_127045257,7,127045257
S7_128986731,7,128986731
S7_129214069,7,129214069
S7_129807336,7,129807336
S7_130131479,7,130131479
S7_130175589,7,130175589
S7_130547743,7,130547743
S7_131668413,7,131668413
S7_132461307,7,132461307
S7_133186810,7,133186810
S7_133186871,7,133186871
S7_133464110,7,133464110
S7_133465902,7,133465902
S7_135301936,7,135301936
S7_136214505,7,136214505
S7_136452694,7,136452694
S7_136531397,7,136531397
S7_137510639,7,137510639
S7_139440325,7,139440325
S7_139491179,7,139491179
S7_139496582,7,139496582
S7_139527440,7,139527440
S7_140578194,7,140578194
S7_141747386,7,141747386
S7_141756965,7,141756965
S7_143069328,7,143069328
S7_143098054,7,143098054
S7_144667243,7,144667243
S7_144877105,7,144877105
S7_145115606,7,145115606
S7_146989468,7,146989468
S7_146990357,7,146990357
S7_147788972,7,147788972
S7_148846698,7,148846698
S7_149164143,7,149164143
S7_150341368,7,150341368
S7_150739423,7,150739423
S7_150896426,7,150896426
S7_151122054,7,151122054
S7_151323488,7,151323488
S7_152980877,7,152980877
S7_153473280,7,153473280
S7_153571933,7,153571933
S7_153812639,7,153812639
S7_161191018,7,161191018
S7_161352998,7,161352998
S7_163227439,7,163227439
S7_164101621,7,164101621
S7_165193358,7,165193358
S7_166294479,7,166294479
S7_166649983,7,166649983
S7_167438352,7,167438352
S7_170910247,7,170910247
S7_171137187,7,171137187
S7_171218528,7,171218528
S7_171494406,7,171494406
S7_173083438,7,173083438
S7_173291589,7,173291589
S7_174125838,7,174125838
S7_174487321,7,174487321
S7_174487353,7,174487353
S7_174487367,7,174487367
S7_174506595,7,174506595
S7_174659681,7,174659681
S7_174986575,7,174986575
S7_174986674,7,174986674
S7_174986857,7,174986857
S7_175273833,7,175273833
S7_175482129,7,175482129
S7_176074888,7,176074888
S7_176076452,7,176076452
S7_176208045,7,176208045
S7_176582006,7,176582006
S7_176908652,7,176908652
S7_177297045,7,177297045
S7_177589777,7,177589777
S7_177592139,7,177592139
S7_178057883,7,178057883
S7_178474803,7,178474803
S7_178518524,7,178518524
S7_178518565,7,178518565
S7_178518778,7,178518778
S7_178522030,7,178522030
S7_178606174,7,178606174
S7_179111058,7,179111058
S7_179111826,7,179111826
S7_179765379,7,179765379
S7_180311878,7,180311878
S7_182932513,7,182932513
S7_183230255,7,183230255
S7_183251802,7,183251802
S7_183325818,7,183325818
S7_183536615,7,183536615
S7_183788586,7,183788586
S7_184554841,7,184554841
S8_612496,8,612496
S8_1194988,8,1194988
S8_1829299,8,1829299
S8_2420621,8,2420621
S8_2623912,8,2623912
S8_3642557,8,3642557
S8_3642603,8,3642603
S8_3973029,8,3973029
S8_5223551,8,5223551
S8_7117363,8,7117363
S8_7117426,8,7117426
S8_7259227,8,7259227
S8_7346951,8,7346951
S8_9215338,8,9215338
S8_9278330,8,9278330
S8_10397644,8,10397644
S8_10712954,8,10712954
S8_11691508,8,11691508
S8_12721256,8,12721256
S8_13999416,8,13999416
S8_14203871,8,14203871
S8_14486971,8,14486971
S8_17315368,8,17315368
S8_18826784,8,18826784
S8_18836435,8,18836435
S8_20695697,8,20695697
S8_22984536,8,22984536
S8_23263047,8,23263047
S8_23439188,8,23439188
S8_23439421,8,23439421
S8_23440142,8,23440142
S8_24594223,8,24594223
S8_25772299,8,25772299
S8_25776901,8,25776901
S8_25779871,8,25779871
S8_26031524,8,26031524
S8_27837421,8,27837421
S8_28410514,8,28410514
S8_28933320,8,28933320
S8_29366651,8,29366651
S8_29367161,8,29367161
S8_30416206,8,30416206
S8_34786661,8,34786661
S8_37491523,8,37491523
S8_39607936,8,39607936
S8_41779834,8,41779834
S8_53180719,8,53180719
S8_65091959,8,65091959
S8_67365157,8,67365157
S8_67366292,8,67366292
S8_68605842,8,68605842
S8_72283105,8,72283105
S8_73298586,8,73298586
S8_73725823,8,73725823
S8_74479931,8,74479931
S8_75118540,8,75118540
S8_75124138,8,75124138
S8_75124250,8,75124250
S8_78074116,8,78074116
S8_78074363,8,78074363
S8_78087508,8,78087508
S8_80222882,8,80222882
S8_80579757,8,80579757
S8_80748080,8,80748080
S8_81892711,8,81892711
S8_82048199,8,82048199
S8_82048896,8,82048896
S8_82162950,8,82162950
S8_86486748,8,86486748
S8_89302137,8,89302137
S8_90891762,8,90891762
S8_91070032,8,91070032
S8_92211180,8,92211180
S8_92211196,8,92211196
S8_92273238,8,92273238
S8_92845779,8,92845779
S8_93206352,8,93206352
S8_93206908,8,93206908
S8_93207205,8,93207205
S8_95241528,8,95241528
S8_97314946,8,97314946
S8_97365190,8,97365190
S8_97459232,8,97459232
S8_103243140,8,103243140
S8_104269101,8,104269101
S8_105803797,8,105803797
S8_105985640,8,105985640
S8_106614488,8,106614488
S8_106910226,8,106910226
S8_106912903,8,106912903
S8_108472915,8,108472915
S8_109133633,8,109133633
S8_109392545,8,109392545
S8_109392879,8,109392879
S8_111322877,8,111322877
S8_112613045,8,112613045
S8_113061666,8,113061666
S8_113222492,8,113222492
S8_115324388,8,115324388
S8_119861994,8,119861994
S8_119990281,8,119990281
S8_120893120,8,120893120
S8_121951790,8,121951790
S8_123526088,8,123526088
S8_124908154,8,124908154
S8_126178224,8,126178224
S8_126980958,8,126980958
S8_126981184,8,126981184
S8_129126249,8,129126249
S8_129126331,8,129126331
S8_131343001,8,131343001
S8_132992799,8,132992799
S8_136802438,8,136802438
S8_136809284,8,136809284
S8_136906155,8,136906155
S8_137591652,8,137591652
S8_138038762,8,138038762
S8_138671667,8,138671667
S8_139640865,8,139640865
S8_139641067,8,139641067
S8_139641078,8,139641078
S8_139735441,8,139735441
S8_140024615,8,140024615
S8_140716187,8,140716187
S8_140718850,8,140718850
S8_141669288,8,141669288
S8_142038195,8,142038195
S8_142169768,8,142169768
S8_142173684,8,142173684
S8_143840137,8,143840137
S8_143932091,8,143932091
S8_144503660,8,144503660
S8_145104273,8,145104273
S8_145619184,8,145619184
S8_145638724,8,145638724
S8_145638857,8,145638857
S8_145638907,8,145638907
S8_145639197,8,145639197
S8_145706344,8,145706344
S8_146913681,8,146913681
S8_146915872,8,146915872
S8_147061014,8,147061014
S8_147237160,8,147237160
S8_147237232,8,147237232
S8_148123116,8,148123116
S8_148123368,8,148123368
S8_148209478,8,148209478
S8_148213738,8,148213738
S8_149334177,8,149334177
S8_151332101,8,151332101
S8_151559281,8,151559281
S8_152518255,8,152518255
S8_152930973,8,152930973
S8_152931377,8,152931377
S8_153849223,8,153849223
S8_153951065,8,153951065
S8_154256530,8,154256530
S8_155257598,8,155257598
S8_157011747,8,157011747
S8_157706115,8,157706115
S8_157816200,8,157816200
S8_157883748,8,157883748
S8_158639830,8,158639830
S8_158696822,8,158696822
S8_158756134,8,158756134
S8_159986949,8,159986949
S8_162352976,8,162352976
S8_162637212,8,162637212
S8_162822724,8,162822724
S8_162896145,8,162896145
S8_163012266,8,163012266
S8_163056389,8,163056389
S8_163496457,8,163496457
S8_165213412,8,165213412
S8_165221478,8,165221478
S8_165287774,8,165287774
S8_165591470,8,165591470
S8_165713145,8,165713145
S8_166042246,8,166042246
S8_166202785,8,166202785
S8_167202272,8,167202272
S8_167202317,8,167202317
S8_168540873,8,168540873
S8_170687375,8,170687375
S8_170842557,8,170842557
S8_171453875,8,171453875
S8_175564833,8,175564833
S8_175848932,8,175848932
S8_176114327,8,176114327
S8_176230266,8,176230266
S8_176769987,8,176769987
S8_176786513,8,176786513
S8_177101160,8,177101160
S8_177304312,8,177304312
S8_177304499,8,177304499
S8_177315603,8,177315603
S8_177689434,8,177689434
S8_178010589,8,178010589
S8_178074080,8,178074080
S8_178286494,8,178286494
S8_178483072,8,178483072
S8_178554472,8,178554472
S8_178663730,8,178663730
S8_178664475,8,178664475
S8_178915043,8,178915043
S8_178961641,8,178961641
S8_179029297,8,179029297
S8_179267039,8,179267039
S8_179438577,8,179438577
S8_179439574,8,179439574
S8_179548317,8,179548317
S8_179612437,8,179612437
S8_179619835,8,179619835
S8_179957322,8,179957322
S8_179993351,8,179993351
S8_180046179,8,180046179
S8_180189011,8,180189011
S8_180782117,8,180782117
S8_180784833,8,180784833
S8_181111566,8,181111566
S8_181124334,8,181124334
S8_181296649,8,181296649
S8_181689217,8,181689217
S8_181689247,8,181689247
S9_4993690,9,4993690
S9_4995279,9,4995279
S9_8971249,9,8971249
S9_9954525,9,9954525
S9_10304284,9,10304284
S9_12406880,9,12406880
S9_13656461,9,13656461
S9_13943778,9,13943778
S9_13973036,9,13973036
S9_17661474,9,17661474
S9_18541531,9,18541531
S9_18659976,9,18659976
S9_19431348,9,19431348
S9_19992784,9,19992784
S9_20057612,9,20057612
S9_20566593,9,20566593
S9_20712634,9,20712634
S9_22312637,9,22312637
S9_22460773,9,22460773
S9_22683033,9,22683033
S9_22835170,9,22835170
S9_23908973,9,23908973
S9_24533589,9,24533589
S9_25419062,9,25419062
S9_25652799,9,25652799
S9_26412649,9,26412649
S9_27837811,9,27837811
S9_28606394,9,28606394
S9_29045740,9,29045740
S9_30376560,9,30376560
S9_30380175,9,30380175
S9_30508507,9,30508507
S9_30509819,9,30509819
S9_30603556,9,30603556
S9_30606494,9,30606494
S9_33192523,9,33192523
S9_34238597,9,34238597
S9_34634719,9,34634719
S9_40569788,9,40569788
S9_42906699,9,42906699
S9_44261434,9,44261434
S9_45193959,9,45193959
S9_45273886,9,45273886
S9_45350516,9,45350516
S9_49342596,9,49342596
S9_51560322,9,51560322
S9_52535302,9,52535302
S9_52817392,9,52817392
S9_68785274,9,68785274
S9_69024153,9,69024153
S9_70377286,9,70377286
S9_70877809,9,70877809
S9_70878145,9,70878145
S9_73101689,9,73101689
S9_82307557,9,82307557
S9_82881269,9,82881269
S9_82881561,9,82881561
S9_89588752,9,89588752
S9_92794731,9,92794731
S9_93159100,9,93159100
S9_93918483,9,93918483
S9_93980807,9,93980807
S9_96320344,9,96320344
S9_96749966,9,96749966
S9_98196670,9,98196670
S9_98686714,9,98686714
S9_99580960,9,99580960
S9_100102144,9,100102144
S9_100102169,9,100102169
S9_101047446,9,101047446
S9_101550215,9,101550215
S9_106076196,9,106076196
S9_108321858,9,108321858
S9_108578090,9,108578090
S9_108578128,9,108578128
S9_111891095,9,111891095
S9_115675404,9,115675404
S9_116220024,9,116220024
S9_117454544,9,117454544
S9_122125436,9,122125436
S9_124773786,9,124773786
S9_126372054,9,126372054
S9_126372093,9,126372093
S9_126374267,9,126374267
S9_127527339,9,127527339
S9_127789201,9,127789201
S9_128523910,9,128523910
S9_129481422,9,129481422
S9_129572300,9,129572300
S9_129572647,9,129572647
S9_129874362,9,129874362
S9_131724992,9,131724992
S9_133208756,9,133208756
S9_133319015,9,133319015
S9_134231118,9,134231118
S9_136741591,9,136741591
S9_136741910,9,136741910
S9_138760923,9,138760923
S9_139489281,9,139489281
S9_139489431,9,139489431
S9_139874801,9,139874801
S9_139876736,9,139876736
S9_140350405,9,140350405
S9_142328045,9,142328045
S9_142703131,9,142703131
S9_142999534,9,142999534
S9_143235225,9,143235225
S9_143822305,9,143822305
S9_144225494,9,144225494
S9_144690039,9,144690039
S9_144834531,9,144834531
S9_144838478,9,144838478
S9_144842802,9,144842802
S9_145277076,9,145277076
S9_145300797,9,145300797
S9_145300931,9,145300931
S9_145628125,9,145628125
S9_145782578,9,145782578
S9_145818801,9,145818801
S9_145936254,9,145936254
S9_146460911,9,146460911
S9_146582623,9,146582623
S9_146910765,9,146910765
S9_146916548,9,146916548
S9_147969421,9,147969421
S9_149520966,9,149520966
S9_149709836,9,149709836
S9_150739616,9,150739616
S9_151108069,9,151108069
S9_151588111,9,151588111
S9_151732067,9,151732067
S9_152064276,9,152064276
S9_152100502,9,152100502
S9_152231751,9,152231751
S9_153224074,9,153224074
S9_153224303,9,153224303
S9_153295416,9,153295416
S9_153529263,9,153529263
S9_153545049,9,153545049
S9_153995457,9,153995457
S9_154334776,9,154334776
S9_154848234,9,154848234
S9_155492839,9,155492839
S9_155493451,9,155493451
S9_155615428,9,155615428
S9_155890855,9,155890855
S9_155919344,9,155919344
S10_134011,10,134011
S10_576837,10,576837
S10_579988,10,579988
S10_1978209,10,1978209
S10_1988995,10,1988995
S10_3535567,10,3535567
S10_4226386,10,4226386
S10_4445207,10,4445207
S10_4606827,10,4606827
S10_9206258,10,9206258
S10_11678939,10,11678939
S10_11726830,10,11726830
S10_13556481,10,13556481
S10_14895246,10,14895246
S10_18758942,10,18758942
S10_22620592,10,22620592
S10_26017555,10,26017555
S10_28131693,10,28131693
S10_31496633,10,31496633
S10_34329818,10,34329818
S10_37516811,10,37516811
S10_40701952,10,40701952
S10_56393777,10,56393777
S10_57753560,10,57753560
S10_61534784,10,61534784
S10_67411912,10,67411912
S10_77741095,10,77741095
S10_78957561,10,78957561
S10_78959506,10,78959506
S10_78959606,10,78959606
S10_78960438,10,78960438
S10_78966389,10,78966389
S10_80715492,10,80715492
S10_81354226,10,81354226
S10_82019011,10,82019011
S10_82716736,10,82716736
S10_83314593,10,83314593
S10_85196318,10,85196318
S10_85755281,10,85755281
S10_86710839,10,86710839
S10_88793097,10,88793097
S10_90419375,10,90419375
S10_97106903,10,97106903
S10_102234728,10,102234728
S10_109673528,10,109673528
S10_110777178,10,110777178
S10_110777396,10,110777396
S10_111491694,10,111491694
S10_112583610,10,112583610
S10_114996351,10,114996351
S10_116328788,10,116328788
S10_116631409,10,116631409
S10_124062077,10,124062077
S10_126767342,10,126767342
S10_128804415,10,128804415
S10_129766099,10,129766099
S10_131791443,10,131791443
S10_132069282,10,132069282
S10_134595037,10,134595037
S10_134798579,10,134798579
S10_135868847,10,135868847
S10_136340251,10,136340251
S10_136476190,10,136476190
S10_136482943,10,136482943
S10_136957021,10,136957021
S10_137422024,10,137422024
S10_137623845,10,137623845
S10_138915965,10,138915965
S10_138916149,10,138916149
S10_139942865,10,139942865
S10_139943338,10,139943338
S10_140320829,10,140320829
S10_140929929,10,140929929
S10_141762354,10,141762354
S10_142018900,10,142018900
S10_143185867,10,143185867
S10_143185873,10,143185873
S10_144224453,10,144224453
S10_145112713,10,145112713
S10_145588552,10,145588552
S10_145607925,10,145607925
S10_145871698,10,145871698
S10_145875510,10,145875510
S10_146904768,10,146904768
S10_146916853,10,146916853
S10_146928552,10,146928552
S10_147173783,10,147173783
S10_147282479,10,147282479
S10_147282490,10,147282490
S10_147352179,10,147352179
S10_148272189,10,148272189
S10_148510710,10,148510710
S10_148511076,10,148511076
S10_149259041,10,149259041
S10_149298931,10,149298931
S10_149394364,10,149394364
S10_149474479,10,149474479
S10_149508570,10,149508570
S10_149647241,10,149647241
S10_149717807,10,149717807
S10_149851103,10,149851103
S10_149865723,10,149865723
S10_150351135,10,150351135
S10_150646162,10,150646162
S10_150711963,10,150711963
S10_150733250,10,150733250
S10_151045975,10,151045975
S10_151157757,10,151157757
